ISO-10303-21;
HEADER;
FILE_DESCRIPTION(('FreeCAD Model'),'2;1');
FILE_NAME('Open CASCADE Shape Model','2026-09-02T16:13:28',('Author'),(
    ''),'Open CASCADE STEP processor 7.8','FreeCAD','Unknown');
FILE_SCHEMA(('AUTOMOTIVE_DESIGN { 1 0 10303 214 1 1 1 1 }'));
ENDSEC;
DATA;
#1 = APPLICATION_PROTOCOL_DEFINITION('international standard',
  'automotive_design',2000,#2);
#2 = APPLICATION_CONTEXT(
  'core data for automotive mechanical design processes');
#3 = SHAPE_DEFINITION_REPRESENTATION(#4,#10);
#4 = PRODUCT_DEFINITION_SHAPE('','',#5);
#5 = PRODUCT_DEFINITION('design','',#6,#9);
#6 = PRODUCT_DEFINITION_FORMATION('','',#7);
#7 = PRODUCT('Hinoki_Thermal_CHT_Model','Hinoki_Thermal_CHT_Model','',(
    #8));
#8 = PRODUCT_CONTEXT('',#2,'mechanical');
#9 = PRODUCT_DEFINITION_CONTEXT('part definition',#2,'design');
#10 = SHAPE_REPRESENTATION('',(#11,#15,#19,#23,#27,#31,#35,#39,#43,#47,
    #51,#55,#59,#63,#67,#71,#75),#79);
#11 = AXIS2_PLACEMENT_3D('',#12,#13,#14);
#12 = CARTESIAN_POINT('',(0.,0.,0.));
#13 = DIRECTION('',(0.,0.,1.));
#14 = DIRECTION('',(1.,0.,-0.));
#15 = AXIS2_PLACEMENT_3D('',#16,#17,#18);
#16 = CARTESIAN_POINT('',(0.,0.,0.));
#17 = DIRECTION('',(0.,0.,1.));
#18 = DIRECTION('',(1.,0.,0.));
#19 = AXIS2_PLACEMENT_3D('',#20,#21,#22);
#20 = CARTESIAN_POINT('',(0.,0.,0.));
#21 = DIRECTION('',(0.,0.,1.));
#22 = DIRECTION('',(1.,0.,0.));
#23 = AXIS2_PLACEMENT_3D('',#24,#25,#26);
#24 = CARTESIAN_POINT('',(0.,0.,0.));
#25 = DIRECTION('',(0.,0.,1.));
#26 = DIRECTION('',(1.,0.,0.));
#27 = AXIS2_PLACEMENT_3D('',#28,#29,#30);
#28 = CARTESIAN_POINT('',(0.,0.,0.));
#29 = DIRECTION('',(0.,0.,1.));
#30 = DIRECTION('',(1.,0.,0.));
#31 = AXIS2_PLACEMENT_3D('',#32,#33,#34);
#32 = CARTESIAN_POINT('',(0.,0.,0.));
#33 = DIRECTION('',(0.,0.,1.));
#34 = DIRECTION('',(1.,0.,0.));
#35 = AXIS2_PLACEMENT_3D('',#36,#37,#38);
#36 = CARTESIAN_POINT('',(0.,0.,0.));
#37 = DIRECTION('',(0.,0.,1.));
#38 = DIRECTION('',(1.,0.,0.));
#39 = AXIS2_PLACEMENT_3D('',#40,#41,#42);
#40 = CARTESIAN_POINT('',(0.,0.,0.));
#41 = DIRECTION('',(0.,0.,1.));
#42 = DIRECTION('',(1.,0.,0.));
#43 = AXIS2_PLACEMENT_3D('',#44,#45,#46);
#44 = CARTESIAN_POINT('',(0.,0.,0.));
#45 = DIRECTION('',(0.,0.,1.));
#46 = DIRECTION('',(1.,0.,0.));
#47 = AXIS2_PLACEMENT_3D('',#48,#49,#50);
#48 = CARTESIAN_POINT('',(0.,0.,0.));
#49 = DIRECTION('',(0.,0.,1.));
#50 = DIRECTION('',(1.,0.,0.));
#51 = AXIS2_PLACEMENT_3D('',#52,#53,#54);
#52 = CARTESIAN_POINT('',(0.,0.,0.));
#53 = DIRECTION('',(0.,0.,1.));
#54 = DIRECTION('',(1.,0.,0.));
#55 = AXIS2_PLACEMENT_3D('',#56,#57,#58);
#56 = CARTESIAN_POINT('',(0.,0.,0.));
#57 = DIRECTION('',(0.,0.,1.));
#58 = DIRECTION('',(1.,0.,0.));
#59 = AXIS2_PLACEMENT_3D('',#60,#61,#62);
#60 = CARTESIAN_POINT('',(0.,0.,0.));
#61 = DIRECTION('',(0.,0.,1.));
#62 = DIRECTION('',(1.,0.,0.));
#63 = AXIS2_PLACEMENT_3D('',#64,#65,#66);
#64 = CARTESIAN_POINT('',(0.,0.,0.));
#65 = DIRECTION('',(0.,0.,1.));
#66 = DIRECTION('',(1.,0.,0.));
#67 = AXIS2_PLACEMENT_3D('',#68,#69,#70);
#68 = CARTESIAN_POINT('',(0.,0.,0.));
#69 = DIRECTION('',(0.,0.,1.));
#70 = DIRECTION('',(1.,0.,0.));
#71 = AXIS2_PLACEMENT_3D('',#72,#73,#74);
#72 = CARTESIAN_POINT('',(0.,0.,0.));
#73 = DIRECTION('',(0.,0.,1.));
#74 = DIRECTION('',(1.,0.,0.));
#75 = AXIS2_PLACEMENT_3D('',#76,#77,#78);
#76 = CARTESIAN_POINT('',(0.,0.,0.));
#77 = DIRECTION('',(0.,0.,1.));
#78 = DIRECTION('',(1.,0.,0.));
#79 = ( GEOMETRIC_REPRESENTATION_CONTEXT(3)
GLOBAL_UNCERTAINTY_ASSIGNED_CONTEXT((#83)) GLOBAL_UNIT_ASSIGNED_CONTEXT(
(#80,#81,#82)) REPRESENTATION_CONTEXT('Context #1',
  '3D Context with UNIT and UNCERTAINTY') );
#80 = ( LENGTH_UNIT() NAMED_UNIT(*) SI_UNIT(.MILLI.,.METRE.) );
#81 = ( NAMED_UNIT(*) PLANE_ANGLE_UNIT() SI_UNIT($,.RADIAN.) );
#82 = ( NAMED_UNIT(*) SI_UNIT($,.STERADIAN.) SOLID_ANGLE_UNIT() );
#83 = UNCERTAINTY_MEASURE_WITH_UNIT(LENGTH_MEASURE(1.E-07),#80,
  'distance_accuracy_value','confusion accuracy');
#84 = PRODUCT_RELATED_PRODUCT_CATEGORY('part',$,(#7));
#85 = SHAPE_DEFINITION_REPRESENTATION(#86,#92);
#86 = PRODUCT_DEFINITION_SHAPE('','',#87);
#87 = PRODUCT_DEFINITION('design','',#88,#91);
#88 = PRODUCT_DEFINITION_FORMATION('','',#89);
#89 = PRODUCT('Cover Glass','Cover Glass','',(#90));
#90 = PRODUCT_CONTEXT('',#2,'mechanical');
#91 = PRODUCT_DEFINITION_CONTEXT('part definition',#2,'design');
#92 = ADVANCED_BREP_SHAPE_REPRESENTATION('',(#11,#93),#243);
#93 = MANIFOLD_SOLID_BREP('',#94);
#94 = CLOSED_SHELL('',(#95,#135,#175,#197,#219,#231));
#95 = ADVANCED_FACE('',(#96),#130,.F.);
#96 = FACE_BOUND('',#97,.F.);
#97 = EDGE_LOOP('',(#98,#108,#116,#124));
#98 = ORIENTED_EDGE('',*,*,#99,.F.);
#99 = EDGE_CURVE('',#100,#102,#104,.T.);
#100 = VERTEX_POINT('',#101);
#101 = CARTESIAN_POINT('',(-371.,0.,0.));
#102 = VERTEX_POINT('',#103);
#103 = CARTESIAN_POINT('',(-371.,0.,3.));
#104 = LINE('',#105,#106);
#105 = CARTESIAN_POINT('',(-371.,0.,0.));
#106 = VECTOR('',#107,1.);
#107 = DIRECTION('',(0.,0.,1.));
#108 = ORIENTED_EDGE('',*,*,#109,.T.);
#109 = EDGE_CURVE('',#100,#110,#112,.T.);
#110 = VERTEX_POINT('',#111);
#111 = CARTESIAN_POINT('',(-371.,492.,0.));
#112 = LINE('',#113,#114);
#113 = CARTESIAN_POINT('',(-371.,0.,0.));
#114 = VECTOR('',#115,1.);
#115 = DIRECTION('',(-0.,1.,0.));
#116 = ORIENTED_EDGE('',*,*,#117,.T.);
#117 = EDGE_CURVE('',#110,#118,#120,.T.);
#118 = VERTEX_POINT('',#119);
#119 = CARTESIAN_POINT('',(-371.,492.,3.));
#120 = LINE('',#121,#122);
#121 = CARTESIAN_POINT('',(-371.,492.,0.));
#122 = VECTOR('',#123,1.);
#123 = DIRECTION('',(0.,0.,1.));
#124 = ORIENTED_EDGE('',*,*,#125,.F.);
#125 = EDGE_CURVE('',#102,#118,#126,.T.);
#126 = LINE('',#127,#128);
#127 = CARTESIAN_POINT('',(-371.,0.,3.));
#128 = VECTOR('',#129,1.);
#129 = DIRECTION('',(-0.,1.,0.));
#130 = PLANE('',#131);
#131 = AXIS2_PLACEMENT_3D('',#132,#133,#134);
#132 = CARTESIAN_POINT('',(-371.,0.,0.));
#133 = DIRECTION('',(1.,0.,-0.));
#134 = DIRECTION('',(0.,0.,1.));
#135 = ADVANCED_FACE('',(#136),#170,.T.);
#136 = FACE_BOUND('',#137,.T.);
#137 = EDGE_LOOP('',(#138,#148,#156,#164));
#138 = ORIENTED_EDGE('',*,*,#139,.F.);
#139 = EDGE_CURVE('',#140,#142,#144,.T.);
#140 = VERTEX_POINT('',#141);
#141 = CARTESIAN_POINT('',(371.,0.,0.));
#142 = VERTEX_POINT('',#143);
#143 = CARTESIAN_POINT('',(371.,0.,3.));
#144 = LINE('',#145,#146);
#145 = CARTESIAN_POINT('',(371.,0.,0.));
#146 = VECTOR('',#147,1.);
#147 = DIRECTION('',(0.,0.,1.));
#148 = ORIENTED_EDGE('',*,*,#149,.T.);
#149 = EDGE_CURVE('',#140,#150,#152,.T.);
#150 = VERTEX_POINT('',#151);
#151 = CARTESIAN_POINT('',(371.,492.,0.));
#152 = LINE('',#153,#154);
#153 = CARTESIAN_POINT('',(371.,0.,0.));
#154 = VECTOR('',#155,1.);
#155 = DIRECTION('',(-0.,1.,0.));
#156 = ORIENTED_EDGE('',*,*,#157,.T.);
#157 = EDGE_CURVE('',#150,#158,#160,.T.);
#158 = VERTEX_POINT('',#159);
#159 = CARTESIAN_POINT('',(371.,492.,3.));
#160 = LINE('',#161,#162);
#161 = CARTESIAN_POINT('',(371.,492.,0.));
#162 = VECTOR('',#163,1.);
#163 = DIRECTION('',(0.,0.,1.));
#164 = ORIENTED_EDGE('',*,*,#165,.F.);
#165 = EDGE_CURVE('',#142,#158,#166,.T.);
#166 = LINE('',#167,#168);
#167 = CARTESIAN_POINT('',(371.,0.,3.));
#168 = VECTOR('',#169,1.);
#169 = DIRECTION('',(-0.,1.,0.));
#170 = PLANE('',#171);
#171 = AXIS2_PLACEMENT_3D('',#172,#173,#174);
#172 = CARTESIAN_POINT('',(371.,0.,0.));
#173 = DIRECTION('',(1.,0.,-0.));
#174 = DIRECTION('',(0.,0.,1.));
#175 = ADVANCED_FACE('',(#176),#192,.F.);
#176 = FACE_BOUND('',#177,.F.);
#177 = EDGE_LOOP('',(#178,#184,#185,#191));
#178 = ORIENTED_EDGE('',*,*,#179,.F.);
#179 = EDGE_CURVE('',#100,#140,#180,.T.);
#180 = LINE('',#181,#182);
#181 = CARTESIAN_POINT('',(-371.,0.,0.));
#182 = VECTOR('',#183,1.);
#183 = DIRECTION('',(1.,0.,-0.));
#184 = ORIENTED_EDGE('',*,*,#99,.T.);
#185 = ORIENTED_EDGE('',*,*,#186,.T.);
#186 = EDGE_CURVE('',#102,#142,#187,.T.);
#187 = LINE('',#188,#189);
#188 = CARTESIAN_POINT('',(-371.,0.,3.));
#189 = VECTOR('',#190,1.);
#190 = DIRECTION('',(1.,0.,-0.));
#191 = ORIENTED_EDGE('',*,*,#139,.F.);
#192 = PLANE('',#193);
#193 = AXIS2_PLACEMENT_3D('',#194,#195,#196);
#194 = CARTESIAN_POINT('',(-371.,0.,0.));
#195 = DIRECTION('',(-0.,1.,0.));
#196 = DIRECTION('',(0.,0.,1.));
#197 = ADVANCED_FACE('',(#198),#214,.T.);
#198 = FACE_BOUND('',#199,.T.);
#199 = EDGE_LOOP('',(#200,#206,#207,#213));
#200 = ORIENTED_EDGE('',*,*,#201,.F.);
#201 = EDGE_CURVE('',#110,#150,#202,.T.);
#202 = LINE('',#203,#204);
#203 = CARTESIAN_POINT('',(-371.,492.,0.));
#204 = VECTOR('',#205,1.);
#205 = DIRECTION('',(1.,0.,-0.));
#206 = ORIENTED_EDGE('',*,*,#117,.T.);
#207 = ORIENTED_EDGE('',*,*,#208,.T.);
#208 = EDGE_CURVE('',#118,#158,#209,.T.);
#209 = LINE('',#210,#211);
#210 = CARTESIAN_POINT('',(-371.,492.,3.));
#211 = VECTOR('',#212,1.);
#212 = DIRECTION('',(1.,0.,-0.));
#213 = ORIENTED_EDGE('',*,*,#157,.F.);
#214 = PLANE('',#215);
#215 = AXIS2_PLACEMENT_3D('',#216,#217,#218);
#216 = CARTESIAN_POINT('',(-371.,492.,0.));
#217 = DIRECTION('',(-0.,1.,0.));
#218 = DIRECTION('',(0.,0.,1.));
#219 = ADVANCED_FACE('',(#220),#226,.F.);
#220 = FACE_BOUND('',#221,.F.);
#221 = EDGE_LOOP('',(#222,#223,#224,#225));
#222 = ORIENTED_EDGE('',*,*,#109,.F.);
#223 = ORIENTED_EDGE('',*,*,#179,.T.);
#224 = ORIENTED_EDGE('',*,*,#149,.T.);
#225 = ORIENTED_EDGE('',*,*,#201,.F.);
#226 = PLANE('',#227);
#227 = AXIS2_PLACEMENT_3D('',#228,#229,#230);
#228 = CARTESIAN_POINT('',(-371.,0.,0.));
#229 = DIRECTION('',(0.,0.,1.));
#230 = DIRECTION('',(1.,0.,-0.));
#231 = ADVANCED_FACE('',(#232),#238,.T.);
#232 = FACE_BOUND('',#233,.T.);
#233 = EDGE_LOOP('',(#234,#235,#236,#237));
#234 = ORIENTED_EDGE('',*,*,#125,.F.);
#235 = ORIENTED_EDGE('',*,*,#186,.T.);
#236 = ORIENTED_EDGE('',*,*,#165,.T.);
#237 = ORIENTED_EDGE('',*,*,#208,.F.);
#238 = PLANE('',#239);
#239 = AXIS2_PLACEMENT_3D('',#240,#241,#242);
#240 = CARTESIAN_POINT('',(-371.,0.,3.));
#241 = DIRECTION('',(0.,0.,1.));
#242 = DIRECTION('',(1.,0.,-0.));
#243 = ( GEOMETRIC_REPRESENTATION_CONTEXT(3)
GLOBAL_UNCERTAINTY_ASSIGNED_CONTEXT((#247)) GLOBAL_UNIT_ASSIGNED_CONTEXT
((#244,#245,#246)) REPRESENTATION_CONTEXT('Context #1',
  '3D Context with UNIT and UNCERTAINTY') );
#244 = ( LENGTH_UNIT() NAMED_UNIT(*) SI_UNIT(.MILLI.,.METRE.) );
#245 = ( NAMED_UNIT(*) PLANE_ANGLE_UNIT() SI_UNIT($,.RADIAN.) );
#246 = ( NAMED_UNIT(*) SI_UNIT($,.STERADIAN.) SOLID_ANGLE_UNIT() );
#247 = UNCERTAINTY_MEASURE_WITH_UNIT(LENGTH_MEASURE(1.E-07),#244,
  'distance_accuracy_value','confusion accuracy');
#248 = CONTEXT_DEPENDENT_SHAPE_REPRESENTATION(#249,#251);
#249 = ( REPRESENTATION_RELATIONSHIP('','',#92,#10)
REPRESENTATION_RELATIONSHIP_WITH_TRANSFORMATION(#250)
SHAPE_REPRESENTATION_RELATIONSHIP() );
#250 = ITEM_DEFINED_TRANSFORMATION('','',#11,#15);
#251 = PRODUCT_DEFINITION_SHAPE('Placement','Placement of an item',#252
  );
#252 = NEXT_ASSEMBLY_USAGE_OCCURRENCE('1','Cover Glass','',#5,#87,$);
#253 = PRODUCT_RELATED_PRODUCT_CATEGORY('part',$,(#89));
#254 = SHAPE_DEFINITION_REPRESENTATION(#255,#261);
#255 = PRODUCT_DEFINITION_SHAPE('','',#256);
#256 = PRODUCT_DEFINITION('design','',#257,#260);
#257 = PRODUCT_DEFINITION_FORMATION('','',#258);
#258 = PRODUCT('Mid Frame','Mid Frame','',(#259));
#259 = PRODUCT_CONTEXT('',#2,'mechanical');
#260 = PRODUCT_DEFINITION_CONTEXT('part definition',#2,'design');
#261 = ADVANCED_BREP_SHAPE_REPRESENTATION('',(#11,#262),#412);
#262 = MANIFOLD_SOLID_BREP('',#263);
#263 = CLOSED_SHELL('',(#264,#304,#344,#366,#388,#400));
#264 = ADVANCED_FACE('',(#265),#299,.F.);
#265 = FACE_BOUND('',#266,.F.);
#266 = EDGE_LOOP('',(#267,#277,#285,#293));
#267 = ORIENTED_EDGE('',*,*,#268,.F.);
#268 = EDGE_CURVE('',#269,#271,#273,.T.);
#269 = VERTEX_POINT('',#270);
#270 = CARTESIAN_POINT('',(-368.5,2.5,15.));
#271 = VERTEX_POINT('',#272);
#272 = CARTESIAN_POINT('',(-368.5,2.5,17.));
#273 = LINE('',#274,#275);
#274 = CARTESIAN_POINT('',(-368.5,2.5,15.));
#275 = VECTOR('',#276,1.);
#276 = DIRECTION('',(0.,0.,1.));
#277 = ORIENTED_EDGE('',*,*,#278,.T.);
#278 = EDGE_CURVE('',#269,#279,#281,.T.);
#279 = VERTEX_POINT('',#280);
#280 = CARTESIAN_POINT('',(-368.5,489.5,15.));
#281 = LINE('',#282,#283);
#282 = CARTESIAN_POINT('',(-368.5,2.5,15.));
#283 = VECTOR('',#284,1.);
#284 = DIRECTION('',(-0.,1.,0.));
#285 = ORIENTED_EDGE('',*,*,#286,.T.);
#286 = EDGE_CURVE('',#279,#287,#289,.T.);
#287 = VERTEX_POINT('',#288);
#288 = CARTESIAN_POINT('',(-368.5,489.5,17.));
#289 = LINE('',#290,#291);
#290 = CARTESIAN_POINT('',(-368.5,489.5,15.));
#291 = VECTOR('',#292,1.);
#292 = DIRECTION('',(0.,0.,1.));
#293 = ORIENTED_EDGE('',*,*,#294,.F.);
#294 = EDGE_CURVE('',#271,#287,#295,.T.);
#295 = LINE('',#296,#297);
#296 = CARTESIAN_POINT('',(-368.5,2.5,17.));
#297 = VECTOR('',#298,1.);
#298 = DIRECTION('',(-0.,1.,0.));
#299 = PLANE('',#300);
#300 = AXIS2_PLACEMENT_3D('',#301,#302,#303);
#301 = CARTESIAN_POINT('',(-368.5,2.5,15.));
#302 = DIRECTION('',(1.,0.,-0.));
#303 = DIRECTION('',(0.,0.,1.));
#304 = ADVANCED_FACE('',(#305),#339,.T.);
#305 = FACE_BOUND('',#306,.T.);
#306 = EDGE_LOOP('',(#307,#317,#325,#333));
#307 = ORIENTED_EDGE('',*,*,#308,.F.);
#308 = EDGE_CURVE('',#309,#311,#313,.T.);
#309 = VERTEX_POINT('',#310);
#310 = CARTESIAN_POINT('',(368.5,2.5,15.));
#311 = VERTEX_POINT('',#312);
#312 = CARTESIAN_POINT('',(368.5,2.5,17.));
#313 = LINE('',#314,#315);
#314 = CARTESIAN_POINT('',(368.5,2.5,15.));
#315 = VECTOR('',#316,1.);
#316 = DIRECTION('',(0.,0.,1.));
#317 = ORIENTED_EDGE('',*,*,#318,.T.);
#318 = EDGE_CURVE('',#309,#319,#321,.T.);
#319 = VERTEX_POINT('',#320);
#320 = CARTESIAN_POINT('',(368.5,489.5,15.));
#321 = LINE('',#322,#323);
#322 = CARTESIAN_POINT('',(368.5,2.5,15.));
#323 = VECTOR('',#324,1.);
#324 = DIRECTION('',(-0.,1.,0.));
#325 = ORIENTED_EDGE('',*,*,#326,.T.);
#326 = EDGE_CURVE('',#319,#327,#329,.T.);
#327 = VERTEX_POINT('',#328);
#328 = CARTESIAN_POINT('',(368.5,489.5,17.));
#329 = LINE('',#330,#331);
#330 = CARTESIAN_POINT('',(368.5,489.5,15.));
#331 = VECTOR('',#332,1.);
#332 = DIRECTION('',(0.,0.,1.));
#333 = ORIENTED_EDGE('',*,*,#334,.F.);
#334 = EDGE_CURVE('',#311,#327,#335,.T.);
#335 = LINE('',#336,#337);
#336 = CARTESIAN_POINT('',(368.5,2.5,17.));
#337 = VECTOR('',#338,1.);
#338 = DIRECTION('',(-0.,1.,0.));
#339 = PLANE('',#340);
#340 = AXIS2_PLACEMENT_3D('',#341,#342,#343);
#341 = CARTESIAN_POINT('',(368.5,2.5,15.));
#342 = DIRECTION('',(1.,0.,-0.));
#343 = DIRECTION('',(0.,0.,1.));
#344 = ADVANCED_FACE('',(#345),#361,.F.);
#345 = FACE_BOUND('',#346,.F.);
#346 = EDGE_LOOP('',(#347,#353,#354,#360));
#347 = ORIENTED_EDGE('',*,*,#348,.F.);
#348 = EDGE_CURVE('',#269,#309,#349,.T.);
#349 = LINE('',#350,#351);
#350 = CARTESIAN_POINT('',(-368.5,2.5,15.));
#351 = VECTOR('',#352,1.);
#352 = DIRECTION('',(1.,0.,-0.));
#353 = ORIENTED_EDGE('',*,*,#268,.T.);
#354 = ORIENTED_EDGE('',*,*,#355,.T.);
#355 = EDGE_CURVE('',#271,#311,#356,.T.);
#356 = LINE('',#357,#358);
#357 = CARTESIAN_POINT('',(-368.5,2.5,17.));
#358 = VECTOR('',#359,1.);
#359 = DIRECTION('',(1.,0.,-0.));
#360 = ORIENTED_EDGE('',*,*,#308,.F.);
#361 = PLANE('',#362);
#362 = AXIS2_PLACEMENT_3D('',#363,#364,#365);
#363 = CARTESIAN_POINT('',(-368.5,2.5,15.));
#364 = DIRECTION('',(-0.,1.,0.));
#365 = DIRECTION('',(0.,0.,1.));
#366 = ADVANCED_FACE('',(#367),#383,.T.);
#367 = FACE_BOUND('',#368,.T.);
#368 = EDGE_LOOP('',(#369,#375,#376,#382));
#369 = ORIENTED_EDGE('',*,*,#370,.F.);
#370 = EDGE_CURVE('',#279,#319,#371,.T.);
#371 = LINE('',#372,#373);
#372 = CARTESIAN_POINT('',(-368.5,489.5,15.));
#373 = VECTOR('',#374,1.);
#374 = DIRECTION('',(1.,0.,-0.));
#375 = ORIENTED_EDGE('',*,*,#286,.T.);
#376 = ORIENTED_EDGE('',*,*,#377,.T.);
#377 = EDGE_CURVE('',#287,#327,#378,.T.);
#378 = LINE('',#379,#380);
#379 = CARTESIAN_POINT('',(-368.5,489.5,17.));
#380 = VECTOR('',#381,1.);
#381 = DIRECTION('',(1.,0.,-0.));
#382 = ORIENTED_EDGE('',*,*,#326,.F.);
#383 = PLANE('',#384);
#384 = AXIS2_PLACEMENT_3D('',#385,#386,#387);
#385 = CARTESIAN_POINT('',(-368.5,489.5,15.));
#386 = DIRECTION('',(-0.,1.,0.));
#387 = DIRECTION('',(0.,0.,1.));
#388 = ADVANCED_FACE('',(#389),#395,.F.);
#389 = FACE_BOUND('',#390,.F.);
#390 = EDGE_LOOP('',(#391,#392,#393,#394));
#391 = ORIENTED_EDGE('',*,*,#278,.F.);
#392 = ORIENTED_EDGE('',*,*,#348,.T.);
#393 = ORIENTED_EDGE('',*,*,#318,.T.);
#394 = ORIENTED_EDGE('',*,*,#370,.F.);
#395 = PLANE('',#396);
#396 = AXIS2_PLACEMENT_3D('',#397,#398,#399);
#397 = CARTESIAN_POINT('',(-368.5,2.5,15.));
#398 = DIRECTION('',(0.,0.,1.));
#399 = DIRECTION('',(1.,0.,-0.));
#400 = ADVANCED_FACE('',(#401),#407,.T.);
#401 = FACE_BOUND('',#402,.T.);
#402 = EDGE_LOOP('',(#403,#404,#405,#406));
#403 = ORIENTED_EDGE('',*,*,#294,.F.);
#404 = ORIENTED_EDGE('',*,*,#355,.T.);
#405 = ORIENTED_EDGE('',*,*,#334,.T.);
#406 = ORIENTED_EDGE('',*,*,#377,.F.);
#407 = PLANE('',#408);
#408 = AXIS2_PLACEMENT_3D('',#409,#410,#411);
#409 = CARTESIAN_POINT('',(-368.5,2.5,17.));
#410 = DIRECTION('',(0.,0.,1.));
#411 = DIRECTION('',(1.,0.,-0.));
#412 = ( GEOMETRIC_REPRESENTATION_CONTEXT(3)
GLOBAL_UNCERTAINTY_ASSIGNED_CONTEXT((#416)) GLOBAL_UNIT_ASSIGNED_CONTEXT
((#413,#414,#415)) REPRESENTATION_CONTEXT('Context #1',
  '3D Context with UNIT and UNCERTAINTY') );
#413 = ( LENGTH_UNIT() NAMED_UNIT(*) SI_UNIT(.MILLI.,.METRE.) );
#414 = ( NAMED_UNIT(*) PLANE_ANGLE_UNIT() SI_UNIT($,.RADIAN.) );
#415 = ( NAMED_UNIT(*) SI_UNIT($,.STERADIAN.) SOLID_ANGLE_UNIT() );
#416 = UNCERTAINTY_MEASURE_WITH_UNIT(LENGTH_MEASURE(1.E-07),#413,
  'distance_accuracy_value','confusion accuracy');
#417 = CONTEXT_DEPENDENT_SHAPE_REPRESENTATION(#418,#420);
#418 = ( REPRESENTATION_RELATIONSHIP('','',#261,#10)
REPRESENTATION_RELATIONSHIP_WITH_TRANSFORMATION(#419)
SHAPE_REPRESENTATION_RELATIONSHIP() );
#419 = ITEM_DEFINED_TRANSFORMATION('','',#11,#19);
#420 = PRODUCT_DEFINITION_SHAPE('Placement','Placement of an item',#421
  );
#421 = NEXT_ASSEMBLY_USAGE_OCCURRENCE('2','Mid Frame','',#5,#256,$);
#422 = PRODUCT_RELATED_PRODUCT_CATEGORY('part',$,(#258));
#423 = SHAPE_DEFINITION_REPRESENTATION(#424,#430);
#424 = PRODUCT_DEFINITION_SHAPE('','',#425);
#425 = PRODUCT_DEFINITION('design','',#426,#429);
#426 = PRODUCT_DEFINITION_FORMATION('','',#427);
#427 = PRODUCT('Rear Enclosure','Rear Enclosure','',(#428));
#428 = PRODUCT_CONTEXT('',#2,'mechanical');
#429 = PRODUCT_DEFINITION_CONTEXT('part definition',#2,'design');
#430 = ADVANCED_BREP_SHAPE_REPRESENTATION('',(#11,#431),#995);
#431 = MANIFOLD_SOLID_BREP('',#432);
#432 = CLOSED_SHELL('',(#433,#473,#504,#596,#620,#671,#683,#714,#738,
    #762,#779,#810,#834,#858,#875,#906,#930,#954,#971));
#433 = ADVANCED_FACE('',(#434),#468,.F.);
#434 = FACE_BOUND('',#435,.F.);
#435 = EDGE_LOOP('',(#436,#446,#454,#462));
#436 = ORIENTED_EDGE('',*,*,#437,.F.);
#437 = EDGE_CURVE('',#438,#440,#442,.T.);
#438 = VERTEX_POINT('',#439);
#439 = CARTESIAN_POINT('',(-371.,0.,17.));
#440 = VERTEX_POINT('',#441);
#441 = CARTESIAN_POINT('',(-371.,0.,62.));
#442 = LINE('',#443,#444);
#443 = CARTESIAN_POINT('',(-371.,0.,17.));
#444 = VECTOR('',#445,1.);
#445 = DIRECTION('',(0.,0.,1.));
#446 = ORIENTED_EDGE('',*,*,#447,.T.);
#447 = EDGE_CURVE('',#438,#448,#450,.T.);
#448 = VERTEX_POINT('',#449);
#449 = CARTESIAN_POINT('',(-371.,492.,17.));
#450 = LINE('',#451,#452);
#451 = CARTESIAN_POINT('',(-371.,0.,17.));
#452 = VECTOR('',#453,1.);
#453 = DIRECTION('',(-0.,1.,0.));
#454 = ORIENTED_EDGE('',*,*,#455,.T.);
#455 = EDGE_CURVE('',#448,#456,#458,.T.);
#456 = VERTEX_POINT('',#457);
#457 = CARTESIAN_POINT('',(-371.,492.,62.));
#458 = LINE('',#459,#460);
#459 = CARTESIAN_POINT('',(-371.,492.,17.));
#460 = VECTOR('',#461,1.);
#461 = DIRECTION('',(0.,0.,1.));
#462 = ORIENTED_EDGE('',*,*,#463,.F.);
#463 = EDGE_CURVE('',#440,#456,#464,.T.);
#464 = LINE('',#465,#466);
#465 = CARTESIAN_POINT('',(-371.,0.,62.));
#466 = VECTOR('',#467,1.);
#467 = DIRECTION('',(-0.,1.,0.));
#468 = PLANE('',#469);
#469 = AXIS2_PLACEMENT_3D('',#470,#471,#472);
#470 = CARTESIAN_POINT('',(-371.,0.,17.));
#471 = DIRECTION('',(1.,0.,-0.));
#472 = DIRECTION('',(0.,0.,1.));
#473 = ADVANCED_FACE('',(#474),#499,.F.);
#474 = FACE_BOUND('',#475,.F.);
#475 = EDGE_LOOP('',(#476,#484,#485,#493));
#476 = ORIENTED_EDGE('',*,*,#477,.F.);
#477 = EDGE_CURVE('',#438,#478,#480,.T.);
#478 = VERTEX_POINT('',#479);
#479 = CARTESIAN_POINT('',(371.,0.,17.));
#480 = LINE('',#481,#482);
#481 = CARTESIAN_POINT('',(-371.,0.,17.));
#482 = VECTOR('',#483,1.);
#483 = DIRECTION('',(1.,0.,-0.));
#484 = ORIENTED_EDGE('',*,*,#437,.T.);
#485 = ORIENTED_EDGE('',*,*,#486,.T.);
#486 = EDGE_CURVE('',#440,#487,#489,.T.);
#487 = VERTEX_POINT('',#488);
#488 = CARTESIAN_POINT('',(371.,0.,62.));
#489 = LINE('',#490,#491);
#490 = CARTESIAN_POINT('',(-371.,0.,62.));
#491 = VECTOR('',#492,1.);
#492 = DIRECTION('',(1.,0.,-0.));
#493 = ORIENTED_EDGE('',*,*,#494,.F.);
#494 = EDGE_CURVE('',#478,#487,#495,.T.);
#495 = LINE('',#496,#497);
#496 = CARTESIAN_POINT('',(371.,0.,17.));
#497 = VECTOR('',#498,1.);
#498 = DIRECTION('',(0.,0.,1.));
#499 = PLANE('',#500);
#500 = AXIS2_PLACEMENT_3D('',#501,#502,#503);
#501 = CARTESIAN_POINT('',(-371.,0.,17.));
#502 = DIRECTION('',(-0.,1.,0.));
#503 = DIRECTION('',(0.,0.,1.));
#504 = ADVANCED_FACE('',(#505,#523,#557),#591,.T.);
#505 = FACE_BOUND('',#506,.T.);
#506 = EDGE_LOOP('',(#507,#508,#509,#517));
#507 = ORIENTED_EDGE('',*,*,#463,.F.);
#508 = ORIENTED_EDGE('',*,*,#486,.T.);
#509 = ORIENTED_EDGE('',*,*,#510,.T.);
#510 = EDGE_CURVE('',#487,#511,#513,.T.);
#511 = VERTEX_POINT('',#512);
#512 = CARTESIAN_POINT('',(371.,492.,62.));
#513 = LINE('',#514,#515);
#514 = CARTESIAN_POINT('',(371.,0.,62.));
#515 = VECTOR('',#516,1.);
#516 = DIRECTION('',(-0.,1.,0.));
#517 = ORIENTED_EDGE('',*,*,#518,.F.);
#518 = EDGE_CURVE('',#456,#511,#519,.T.);
#519 = LINE('',#520,#521);
#520 = CARTESIAN_POINT('',(-371.,492.,62.));
#521 = VECTOR('',#522,1.);
#522 = DIRECTION('',(1.,0.,-0.));
#523 = FACE_BOUND('',#524,.T.);
#524 = EDGE_LOOP('',(#525,#535,#543,#551));
#525 = ORIENTED_EDGE('',*,*,#526,.F.);
#526 = EDGE_CURVE('',#527,#529,#531,.T.);
#527 = VERTEX_POINT('',#528);
#528 = CARTESIAN_POINT('',(-200.,20.,62.));
#529 = VERTEX_POINT('',#530);
#530 = CARTESIAN_POINT('',(200.,20.,62.));
#531 = LINE('',#532,#533);
#532 = CARTESIAN_POINT('',(-200.,20.,62.));
#533 = VECTOR('',#534,1.);
#534 = DIRECTION('',(1.,0.,-0.));
#535 = ORIENTED_EDGE('',*,*,#536,.T.);
#536 = EDGE_CURVE('',#527,#537,#539,.T.);
#537 = VERTEX_POINT('',#538);
#538 = CARTESIAN_POINT('',(-200.,35.,62.));
#539 = LINE('',#540,#541);
#540 = CARTESIAN_POINT('',(-200.,20.,62.));
#541 = VECTOR('',#542,1.);
#542 = DIRECTION('',(-0.,1.,0.));
#543 = ORIENTED_EDGE('',*,*,#544,.T.);
#544 = EDGE_CURVE('',#537,#545,#547,.T.);
#545 = VERTEX_POINT('',#546);
#546 = CARTESIAN_POINT('',(200.,35.,62.));
#547 = LINE('',#548,#549);
#548 = CARTESIAN_POINT('',(-200.,35.,62.));
#549 = VECTOR('',#550,1.);
#550 = DIRECTION('',(1.,0.,-0.));
#551 = ORIENTED_EDGE('',*,*,#552,.F.);
#552 = EDGE_CURVE('',#529,#545,#553,.T.);
#553 = LINE('',#554,#555);
#554 = CARTESIAN_POINT('',(200.,20.,62.));
#555 = VECTOR('',#556,1.);
#556 = DIRECTION('',(-0.,1.,0.));
#557 = FACE_BOUND('',#558,.T.);
#558 = EDGE_LOOP('',(#559,#569,#577,#585));
#559 = ORIENTED_EDGE('',*,*,#560,.F.);
#560 = EDGE_CURVE('',#561,#563,#565,.T.);
#561 = VERTEX_POINT('',#562);
#562 = CARTESIAN_POINT('',(-200.,457.,62.));
#563 = VERTEX_POINT('',#564);
#564 = CARTESIAN_POINT('',(200.,457.,62.));
#565 = LINE('',#566,#567);
#566 = CARTESIAN_POINT('',(-200.,457.,62.));
#567 = VECTOR('',#568,1.);
#568 = DIRECTION('',(1.,0.,-0.));
#569 = ORIENTED_EDGE('',*,*,#570,.T.);
#570 = EDGE_CURVE('',#561,#571,#573,.T.);
#571 = VERTEX_POINT('',#572);
#572 = CARTESIAN_POINT('',(-200.,472.,62.));
#573 = LINE('',#574,#575);
#574 = CARTESIAN_POINT('',(-200.,457.,62.));
#575 = VECTOR('',#576,1.);
#576 = DIRECTION('',(-0.,1.,0.));
#577 = ORIENTED_EDGE('',*,*,#578,.T.);
#578 = EDGE_CURVE('',#571,#579,#581,.T.);
#579 = VERTEX_POINT('',#580);
#580 = CARTESIAN_POINT('',(200.,472.,62.));
#581 = LINE('',#582,#583);
#582 = CARTESIAN_POINT('',(-200.,472.,62.));
#583 = VECTOR('',#584,1.);
#584 = DIRECTION('',(1.,0.,-0.));
#585 = ORIENTED_EDGE('',*,*,#586,.F.);
#586 = EDGE_CURVE('',#563,#579,#587,.T.);
#587 = LINE('',#588,#589);
#588 = CARTESIAN_POINT('',(200.,457.,62.));
#589 = VECTOR('',#590,1.);
#590 = DIRECTION('',(-0.,1.,0.));
#591 = PLANE('',#592);
#592 = AXIS2_PLACEMENT_3D('',#593,#594,#595);
#593 = CARTESIAN_POINT('',(-371.,0.,62.));
#594 = DIRECTION('',(0.,0.,1.));
#595 = DIRECTION('',(1.,0.,-0.));
#596 = ADVANCED_FACE('',(#597),#615,.T.);
#597 = FACE_BOUND('',#598,.T.);
#598 = EDGE_LOOP('',(#599,#607,#608,#609));
#599 = ORIENTED_EDGE('',*,*,#600,.F.);
#600 = EDGE_CURVE('',#448,#601,#603,.T.);
#601 = VERTEX_POINT('',#602);
#602 = CARTESIAN_POINT('',(371.,492.,17.));
#603 = LINE('',#604,#605);
#604 = CARTESIAN_POINT('',(-371.,492.,17.));
#605 = VECTOR('',#606,1.);
#606 = DIRECTION('',(1.,0.,-0.));
#607 = ORIENTED_EDGE('',*,*,#455,.T.);
#608 = ORIENTED_EDGE('',*,*,#518,.T.);
#609 = ORIENTED_EDGE('',*,*,#610,.F.);
#610 = EDGE_CURVE('',#601,#511,#611,.T.);
#611 = LINE('',#612,#613);
#612 = CARTESIAN_POINT('',(371.,492.,17.));
#613 = VECTOR('',#614,1.);
#614 = DIRECTION('',(0.,0.,1.));
#615 = PLANE('',#616);
#616 = AXIS2_PLACEMENT_3D('',#617,#618,#619);
#617 = CARTESIAN_POINT('',(-371.,492.,17.));
#618 = DIRECTION('',(-0.,1.,0.));
#619 = DIRECTION('',(0.,0.,1.));
#620 = ADVANCED_FACE('',(#621,#632),#666,.F.);
#621 = FACE_BOUND('',#622,.F.);
#622 = EDGE_LOOP('',(#623,#624,#625,#631));
#623 = ORIENTED_EDGE('',*,*,#447,.F.);
#624 = ORIENTED_EDGE('',*,*,#477,.T.);
#625 = ORIENTED_EDGE('',*,*,#626,.T.);
#626 = EDGE_CURVE('',#478,#601,#627,.T.);
#627 = LINE('',#628,#629);
#628 = CARTESIAN_POINT('',(371.,0.,17.));
#629 = VECTOR('',#630,1.);
#630 = DIRECTION('',(-0.,1.,0.));
#631 = ORIENTED_EDGE('',*,*,#600,.F.);
#632 = FACE_BOUND('',#633,.F.);
#633 = EDGE_LOOP('',(#634,#644,#652,#660));
#634 = ORIENTED_EDGE('',*,*,#635,.F.);
#635 = EDGE_CURVE('',#636,#638,#640,.T.);
#636 = VERTEX_POINT('',#637);
#637 = CARTESIAN_POINT('',(-368.5,2.5,17.));
#638 = VERTEX_POINT('',#639);
#639 = CARTESIAN_POINT('',(368.5,2.5,17.));
#640 = LINE('',#641,#642);
#641 = CARTESIAN_POINT('',(-368.5,2.5,17.));
#642 = VECTOR('',#643,1.);
#643 = DIRECTION('',(1.,0.,-0.));
#644 = ORIENTED_EDGE('',*,*,#645,.T.);
#645 = EDGE_CURVE('',#636,#646,#648,.T.);
#646 = VERTEX_POINT('',#647);
#647 = CARTESIAN_POINT('',(-368.5,489.5,17.));
#648 = LINE('',#649,#650);
#649 = CARTESIAN_POINT('',(-368.5,2.5,17.));
#650 = VECTOR('',#651,1.);
#651 = DIRECTION('',(-0.,1.,0.));
#652 = ORIENTED_EDGE('',*,*,#653,.T.);
#653 = EDGE_CURVE('',#646,#654,#656,.T.);
#654 = VERTEX_POINT('',#655);
#655 = CARTESIAN_POINT('',(368.5,489.5,17.));
#656 = LINE('',#657,#658);
#657 = CARTESIAN_POINT('',(-368.5,489.5,17.));
#658 = VECTOR('',#659,1.);
#659 = DIRECTION('',(1.,0.,-0.));
#660 = ORIENTED_EDGE('',*,*,#661,.F.);
#661 = EDGE_CURVE('',#638,#654,#662,.T.);
#662 = LINE('',#663,#664);
#663 = CARTESIAN_POINT('',(368.5,2.5,17.));
#664 = VECTOR('',#665,1.);
#665 = DIRECTION('',(-0.,1.,0.));
#666 = PLANE('',#667);
#667 = AXIS2_PLACEMENT_3D('',#668,#669,#670);
#668 = CARTESIAN_POINT('',(-371.,0.,17.));
#669 = DIRECTION('',(0.,0.,1.));
#670 = DIRECTION('',(1.,0.,-0.));
#671 = ADVANCED_FACE('',(#672),#678,.T.);
#672 = FACE_BOUND('',#673,.T.);
#673 = EDGE_LOOP('',(#674,#675,#676,#677));
#674 = ORIENTED_EDGE('',*,*,#494,.F.);
#675 = ORIENTED_EDGE('',*,*,#626,.T.);
#676 = ORIENTED_EDGE('',*,*,#610,.T.);
#677 = ORIENTED_EDGE('',*,*,#510,.F.);
#678 = PLANE('',#679);
#679 = AXIS2_PLACEMENT_3D('',#680,#681,#682);
#680 = CARTESIAN_POINT('',(371.,0.,17.));
#681 = DIRECTION('',(1.,0.,-0.));
#682 = DIRECTION('',(0.,0.,1.));
#683 = ADVANCED_FACE('',(#684),#709,.T.);
#684 = FACE_BOUND('',#685,.T.);
#685 = EDGE_LOOP('',(#686,#696,#702,#703));
#686 = ORIENTED_EDGE('',*,*,#687,.F.);
#687 = EDGE_CURVE('',#688,#690,#692,.T.);
#688 = VERTEX_POINT('',#689);
#689 = CARTESIAN_POINT('',(-200.,20.,59.5));
#690 = VERTEX_POINT('',#691);
#691 = CARTESIAN_POINT('',(200.,20.,59.5));
#692 = LINE('',#693,#694);
#693 = CARTESIAN_POINT('',(-200.,20.,59.5));
#694 = VECTOR('',#695,1.);
#695 = DIRECTION('',(1.,0.,-0.));
#696 = ORIENTED_EDGE('',*,*,#697,.T.);
#697 = EDGE_CURVE('',#688,#527,#698,.T.);
#698 = LINE('',#699,#700);
#699 = CARTESIAN_POINT('',(-200.,20.,59.5));
#700 = VECTOR('',#701,1.);
#701 = DIRECTION('',(0.,0.,1.));
#702 = ORIENTED_EDGE('',*,*,#526,.T.);
#703 = ORIENTED_EDGE('',*,*,#704,.F.);
#704 = EDGE_CURVE('',#690,#529,#705,.T.);
#705 = LINE('',#706,#707);
#706 = CARTESIAN_POINT('',(200.,20.,59.5));
#707 = VECTOR('',#708,1.);
#708 = DIRECTION('',(0.,0.,1.));
#709 = PLANE('',#710);
#710 = AXIS2_PLACEMENT_3D('',#711,#712,#713);
#711 = CARTESIAN_POINT('',(-200.,20.,59.5));
#712 = DIRECTION('',(-0.,1.,0.));
#713 = DIRECTION('',(0.,0.,1.));
#714 = ADVANCED_FACE('',(#715),#733,.T.);
#715 = FACE_BOUND('',#716,.T.);
#716 = EDGE_LOOP('',(#717,#718,#726,#732));
#717 = ORIENTED_EDGE('',*,*,#697,.F.);
#718 = ORIENTED_EDGE('',*,*,#719,.T.);
#719 = EDGE_CURVE('',#688,#720,#722,.T.);
#720 = VERTEX_POINT('',#721);
#721 = CARTESIAN_POINT('',(-200.,35.,59.5));
#722 = LINE('',#723,#724);
#723 = CARTESIAN_POINT('',(-200.,20.,59.5));
#724 = VECTOR('',#725,1.);
#725 = DIRECTION('',(-0.,1.,0.));
#726 = ORIENTED_EDGE('',*,*,#727,.T.);
#727 = EDGE_CURVE('',#720,#537,#728,.T.);
#728 = LINE('',#729,#730);
#729 = CARTESIAN_POINT('',(-200.,35.,59.5));
#730 = VECTOR('',#731,1.);
#731 = DIRECTION('',(0.,0.,1.));
#732 = ORIENTED_EDGE('',*,*,#536,.F.);
#733 = PLANE('',#734);
#734 = AXIS2_PLACEMENT_3D('',#735,#736,#737);
#735 = CARTESIAN_POINT('',(-200.,20.,59.5));
#736 = DIRECTION('',(1.,0.,-0.));
#737 = DIRECTION('',(0.,0.,1.));
#738 = ADVANCED_FACE('',(#739),#757,.F.);
#739 = FACE_BOUND('',#740,.F.);
#740 = EDGE_LOOP('',(#741,#742,#750,#756));
#741 = ORIENTED_EDGE('',*,*,#704,.F.);
#742 = ORIENTED_EDGE('',*,*,#743,.T.);
#743 = EDGE_CURVE('',#690,#744,#746,.T.);
#744 = VERTEX_POINT('',#745);
#745 = CARTESIAN_POINT('',(200.,35.,59.5));
#746 = LINE('',#747,#748);
#747 = CARTESIAN_POINT('',(200.,20.,59.5));
#748 = VECTOR('',#749,1.);
#749 = DIRECTION('',(-0.,1.,0.));
#750 = ORIENTED_EDGE('',*,*,#751,.T.);
#751 = EDGE_CURVE('',#744,#545,#752,.T.);
#752 = LINE('',#753,#754);
#753 = CARTESIAN_POINT('',(200.,35.,59.5));
#754 = VECTOR('',#755,1.);
#755 = DIRECTION('',(0.,0.,1.));
#756 = ORIENTED_EDGE('',*,*,#552,.F.);
#757 = PLANE('',#758);
#758 = AXIS2_PLACEMENT_3D('',#759,#760,#761);
#759 = CARTESIAN_POINT('',(200.,20.,59.5));
#760 = DIRECTION('',(1.,0.,-0.));
#761 = DIRECTION('',(0.,0.,1.));
#762 = ADVANCED_FACE('',(#763),#774,.F.);
#763 = FACE_BOUND('',#764,.F.);
#764 = EDGE_LOOP('',(#765,#771,#772,#773));
#765 = ORIENTED_EDGE('',*,*,#766,.F.);
#766 = EDGE_CURVE('',#720,#744,#767,.T.);
#767 = LINE('',#768,#769);
#768 = CARTESIAN_POINT('',(-200.,35.,59.5));
#769 = VECTOR('',#770,1.);
#770 = DIRECTION('',(1.,0.,-0.));
#771 = ORIENTED_EDGE('',*,*,#727,.T.);
#772 = ORIENTED_EDGE('',*,*,#544,.T.);
#773 = ORIENTED_EDGE('',*,*,#751,.F.);
#774 = PLANE('',#775);
#775 = AXIS2_PLACEMENT_3D('',#776,#777,#778);
#776 = CARTESIAN_POINT('',(-200.,35.,59.5));
#777 = DIRECTION('',(-0.,1.,0.));
#778 = DIRECTION('',(0.,0.,1.));
#779 = ADVANCED_FACE('',(#780),#805,.T.);
#780 = FACE_BOUND('',#781,.T.);
#781 = EDGE_LOOP('',(#782,#792,#798,#799));
#782 = ORIENTED_EDGE('',*,*,#783,.F.);
#783 = EDGE_CURVE('',#784,#786,#788,.T.);
#784 = VERTEX_POINT('',#785);
#785 = CARTESIAN_POINT('',(-200.,457.,59.5));
#786 = VERTEX_POINT('',#787);
#787 = CARTESIAN_POINT('',(200.,457.,59.5));
#788 = LINE('',#789,#790);
#789 = CARTESIAN_POINT('',(-200.,457.,59.5));
#790 = VECTOR('',#791,1.);
#791 = DIRECTION('',(1.,0.,-0.));
#792 = ORIENTED_EDGE('',*,*,#793,.T.);
#793 = EDGE_CURVE('',#784,#561,#794,.T.);
#794 = LINE('',#795,#796);
#795 = CARTESIAN_POINT('',(-200.,457.,59.5));
#796 = VECTOR('',#797,1.);
#797 = DIRECTION('',(0.,0.,1.));
#798 = ORIENTED_EDGE('',*,*,#560,.T.);
#799 = ORIENTED_EDGE('',*,*,#800,.F.);
#800 = EDGE_CURVE('',#786,#563,#801,.T.);
#801 = LINE('',#802,#803);
#802 = CARTESIAN_POINT('',(200.,457.,59.5));
#803 = VECTOR('',#804,1.);
#804 = DIRECTION('',(0.,0.,1.));
#805 = PLANE('',#806);
#806 = AXIS2_PLACEMENT_3D('',#807,#808,#809);
#807 = CARTESIAN_POINT('',(-200.,457.,59.5));
#808 = DIRECTION('',(-0.,1.,0.));
#809 = DIRECTION('',(0.,0.,1.));
#810 = ADVANCED_FACE('',(#811),#829,.F.);
#811 = FACE_BOUND('',#812,.F.);
#812 = EDGE_LOOP('',(#813,#814,#822,#828));
#813 = ORIENTED_EDGE('',*,*,#800,.F.);
#814 = ORIENTED_EDGE('',*,*,#815,.T.);
#815 = EDGE_CURVE('',#786,#816,#818,.T.);
#816 = VERTEX_POINT('',#817);
#817 = CARTESIAN_POINT('',(200.,472.,59.5));
#818 = LINE('',#819,#820);
#819 = CARTESIAN_POINT('',(200.,457.,59.5));
#820 = VECTOR('',#821,1.);
#821 = DIRECTION('',(-0.,1.,0.));
#822 = ORIENTED_EDGE('',*,*,#823,.T.);
#823 = EDGE_CURVE('',#816,#579,#824,.T.);
#824 = LINE('',#825,#826);
#825 = CARTESIAN_POINT('',(200.,472.,59.5));
#826 = VECTOR('',#827,1.);
#827 = DIRECTION('',(0.,0.,1.));
#828 = ORIENTED_EDGE('',*,*,#586,.F.);
#829 = PLANE('',#830);
#830 = AXIS2_PLACEMENT_3D('',#831,#832,#833);
#831 = CARTESIAN_POINT('',(200.,457.,59.5));
#832 = DIRECTION('',(1.,0.,-0.));
#833 = DIRECTION('',(0.,0.,1.));
#834 = ADVANCED_FACE('',(#835),#853,.F.);
#835 = FACE_BOUND('',#836,.F.);
#836 = EDGE_LOOP('',(#837,#845,#851,#852));
#837 = ORIENTED_EDGE('',*,*,#838,.F.);
#838 = EDGE_CURVE('',#839,#816,#841,.T.);
#839 = VERTEX_POINT('',#840);
#840 = CARTESIAN_POINT('',(-200.,472.,59.5));
#841 = LINE('',#842,#843);
#842 = CARTESIAN_POINT('',(-200.,472.,59.5));
#843 = VECTOR('',#844,1.);
#844 = DIRECTION('',(1.,0.,-0.));
#845 = ORIENTED_EDGE('',*,*,#846,.T.);
#846 = EDGE_CURVE('',#839,#571,#847,.T.);
#847 = LINE('',#848,#849);
#848 = CARTESIAN_POINT('',(-200.,472.,59.5));
#849 = VECTOR('',#850,1.);
#850 = DIRECTION('',(0.,0.,1.));
#851 = ORIENTED_EDGE('',*,*,#578,.T.);
#852 = ORIENTED_EDGE('',*,*,#823,.F.);
#853 = PLANE('',#854);
#854 = AXIS2_PLACEMENT_3D('',#855,#856,#857);
#855 = CARTESIAN_POINT('',(-200.,472.,59.5));
#856 = DIRECTION('',(-0.,1.,0.));
#857 = DIRECTION('',(0.,0.,1.));
#858 = ADVANCED_FACE('',(#859),#870,.T.);
#859 = FACE_BOUND('',#860,.T.);
#860 = EDGE_LOOP('',(#861,#862,#868,#869));
#861 = ORIENTED_EDGE('',*,*,#793,.F.);
#862 = ORIENTED_EDGE('',*,*,#863,.T.);
#863 = EDGE_CURVE('',#784,#839,#864,.T.);
#864 = LINE('',#865,#866);
#865 = CARTESIAN_POINT('',(-200.,457.,59.5));
#866 = VECTOR('',#867,1.);
#867 = DIRECTION('',(-0.,1.,0.));
#868 = ORIENTED_EDGE('',*,*,#846,.T.);
#869 = ORIENTED_EDGE('',*,*,#570,.F.);
#870 = PLANE('',#871);
#871 = AXIS2_PLACEMENT_3D('',#872,#873,#874);
#872 = CARTESIAN_POINT('',(-200.,457.,59.5));
#873 = DIRECTION('',(1.,0.,-0.));
#874 = DIRECTION('',(0.,0.,1.));
#875 = ADVANCED_FACE('',(#876),#901,.T.);
#876 = FACE_BOUND('',#877,.T.);
#877 = EDGE_LOOP('',(#878,#879,#887,#895));
#878 = ORIENTED_EDGE('',*,*,#635,.F.);
#879 = ORIENTED_EDGE('',*,*,#880,.T.);
#880 = EDGE_CURVE('',#636,#881,#883,.T.);
#881 = VERTEX_POINT('',#882);
#882 = CARTESIAN_POINT('',(-368.5,2.5,59.5));
#883 = LINE('',#884,#885);
#884 = CARTESIAN_POINT('',(-368.5,2.5,17.));
#885 = VECTOR('',#886,1.);
#886 = DIRECTION('',(0.,0.,1.));
#887 = ORIENTED_EDGE('',*,*,#888,.T.);
#888 = EDGE_CURVE('',#881,#889,#891,.T.);
#889 = VERTEX_POINT('',#890);
#890 = CARTESIAN_POINT('',(368.5,2.5,59.5));
#891 = LINE('',#892,#893);
#892 = CARTESIAN_POINT('',(-368.5,2.5,59.5));
#893 = VECTOR('',#894,1.);
#894 = DIRECTION('',(1.,0.,-0.));
#895 = ORIENTED_EDGE('',*,*,#896,.F.);
#896 = EDGE_CURVE('',#638,#889,#897,.T.);
#897 = LINE('',#898,#899);
#898 = CARTESIAN_POINT('',(368.5,2.5,17.));
#899 = VECTOR('',#900,1.);
#900 = DIRECTION('',(0.,0.,1.));
#901 = PLANE('',#902);
#902 = AXIS2_PLACEMENT_3D('',#903,#904,#905);
#903 = CARTESIAN_POINT('',(-368.5,2.5,17.));
#904 = DIRECTION('',(-0.,1.,0.));
#905 = DIRECTION('',(0.,0.,1.));
#906 = ADVANCED_FACE('',(#907),#925,.F.);
#907 = FACE_BOUND('',#908,.F.);
#908 = EDGE_LOOP('',(#909,#910,#911,#919));
#909 = ORIENTED_EDGE('',*,*,#896,.F.);
#910 = ORIENTED_EDGE('',*,*,#661,.T.);
#911 = ORIENTED_EDGE('',*,*,#912,.T.);
#912 = EDGE_CURVE('',#654,#913,#915,.T.);
#913 = VERTEX_POINT('',#914);
#914 = CARTESIAN_POINT('',(368.5,489.5,59.5));
#915 = LINE('',#916,#917);
#916 = CARTESIAN_POINT('',(368.5,489.5,17.));
#917 = VECTOR('',#918,1.);
#918 = DIRECTION('',(0.,0.,1.));
#919 = ORIENTED_EDGE('',*,*,#920,.F.);
#920 = EDGE_CURVE('',#889,#913,#921,.T.);
#921 = LINE('',#922,#923);
#922 = CARTESIAN_POINT('',(368.5,2.5,59.5));
#923 = VECTOR('',#924,1.);
#924 = DIRECTION('',(-0.,1.,0.));
#925 = PLANE('',#926);
#926 = AXIS2_PLACEMENT_3D('',#927,#928,#929);
#927 = CARTESIAN_POINT('',(368.5,2.5,17.));
#928 = DIRECTION('',(1.,0.,-0.));
#929 = DIRECTION('',(0.,0.,1.));
#930 = ADVANCED_FACE('',(#931),#949,.F.);
#931 = FACE_BOUND('',#932,.F.);
#932 = EDGE_LOOP('',(#933,#934,#942,#948));
#933 = ORIENTED_EDGE('',*,*,#653,.F.);
#934 = ORIENTED_EDGE('',*,*,#935,.T.);
#935 = EDGE_CURVE('',#646,#936,#938,.T.);
#936 = VERTEX_POINT('',#937);
#937 = CARTESIAN_POINT('',(-368.5,489.5,59.5));
#938 = LINE('',#939,#940);
#939 = CARTESIAN_POINT('',(-368.5,489.5,17.));
#940 = VECTOR('',#941,1.);
#941 = DIRECTION('',(0.,0.,1.));
#942 = ORIENTED_EDGE('',*,*,#943,.T.);
#943 = EDGE_CURVE('',#936,#913,#944,.T.);
#944 = LINE('',#945,#946);
#945 = CARTESIAN_POINT('',(-368.5,489.5,59.5));
#946 = VECTOR('',#947,1.);
#947 = DIRECTION('',(1.,0.,-0.));
#948 = ORIENTED_EDGE('',*,*,#912,.F.);
#949 = PLANE('',#950);
#950 = AXIS2_PLACEMENT_3D('',#951,#952,#953);
#951 = CARTESIAN_POINT('',(-368.5,489.5,17.));
#952 = DIRECTION('',(-0.,1.,0.));
#953 = DIRECTION('',(0.,0.,1.));
#954 = ADVANCED_FACE('',(#955),#966,.T.);
#955 = FACE_BOUND('',#956,.T.);
#956 = EDGE_LOOP('',(#957,#958,#959,#960));
#957 = ORIENTED_EDGE('',*,*,#880,.F.);
#958 = ORIENTED_EDGE('',*,*,#645,.T.);
#959 = ORIENTED_EDGE('',*,*,#935,.T.);
#960 = ORIENTED_EDGE('',*,*,#961,.F.);
#961 = EDGE_CURVE('',#881,#936,#962,.T.);
#962 = LINE('',#963,#964);
#963 = CARTESIAN_POINT('',(-368.5,2.5,59.5));
#964 = VECTOR('',#965,1.);
#965 = DIRECTION('',(-0.,1.,0.));
#966 = PLANE('',#967);
#967 = AXIS2_PLACEMENT_3D('',#968,#969,#970);
#968 = CARTESIAN_POINT('',(-368.5,2.5,17.));
#969 = DIRECTION('',(1.,0.,-0.));
#970 = DIRECTION('',(0.,0.,1.));
#971 = ADVANCED_FACE('',(#972,#978,#984),#990,.F.);
#972 = FACE_BOUND('',#973,.F.);
#973 = EDGE_LOOP('',(#974,#975,#976,#977));
#974 = ORIENTED_EDGE('',*,*,#961,.F.);
#975 = ORIENTED_EDGE('',*,*,#888,.T.);
#976 = ORIENTED_EDGE('',*,*,#920,.T.);
#977 = ORIENTED_EDGE('',*,*,#943,.F.);
#978 = FACE_BOUND('',#979,.F.);
#979 = EDGE_LOOP('',(#980,#981,#982,#983));
#980 = ORIENTED_EDGE('',*,*,#687,.F.);
#981 = ORIENTED_EDGE('',*,*,#719,.T.);
#982 = ORIENTED_EDGE('',*,*,#766,.T.);
#983 = ORIENTED_EDGE('',*,*,#743,.F.);
#984 = FACE_BOUND('',#985,.F.);
#985 = EDGE_LOOP('',(#986,#987,#988,#989));
#986 = ORIENTED_EDGE('',*,*,#783,.F.);
#987 = ORIENTED_EDGE('',*,*,#863,.T.);
#988 = ORIENTED_EDGE('',*,*,#838,.T.);
#989 = ORIENTED_EDGE('',*,*,#815,.F.);
#990 = PLANE('',#991);
#991 = AXIS2_PLACEMENT_3D('',#992,#993,#994);
#992 = CARTESIAN_POINT('',(-368.5,2.5,59.5));
#993 = DIRECTION('',(0.,0.,1.));
#994 = DIRECTION('',(1.,0.,-0.));
#995 = ( GEOMETRIC_REPRESENTATION_CONTEXT(3)
GLOBAL_UNCERTAINTY_ASSIGNED_CONTEXT((#999)) GLOBAL_UNIT_ASSIGNED_CONTEXT
((#996,#997,#998)) REPRESENTATION_CONTEXT('Context #1',
  '3D Context with UNIT and UNCERTAINTY') );
#996 = ( LENGTH_UNIT() NAMED_UNIT(*) SI_UNIT(.MILLI.,.METRE.) );
#997 = ( NAMED_UNIT(*) PLANE_ANGLE_UNIT() SI_UNIT($,.RADIAN.) );
#998 = ( NAMED_UNIT(*) SI_UNIT($,.STERADIAN.) SOLID_ANGLE_UNIT() );
#999 = UNCERTAINTY_MEASURE_WITH_UNIT(LENGTH_MEASURE(1.E-07),#996,
  'distance_accuracy_value','confusion accuracy');
#1000 = CONTEXT_DEPENDENT_SHAPE_REPRESENTATION(#1001,#1003);
#1001 = ( REPRESENTATION_RELATIONSHIP('','',#430,#10)
REPRESENTATION_RELATIONSHIP_WITH_TRANSFORMATION(#1002)
SHAPE_REPRESENTATION_RELATIONSHIP() );
#1002 = ITEM_DEFINED_TRANSFORMATION('','',#11,#23);
#1003 = PRODUCT_DEFINITION_SHAPE('Placement','Placement of an item',
  #1004);
#1004 = NEXT_ASSEMBLY_USAGE_OCCURRENCE('3','Rear Enclosure','',#5,#425,$
  );
#1005 = PRODUCT_RELATED_PRODUCT_CATEGORY('part',$,(#427));
#1006 = SHAPE_DEFINITION_REPRESENTATION(#1007,#1013);
#1007 = PRODUCT_DEFINITION_SHAPE('','',#1008);
#1008 = PRODUCT_DEFINITION('design','',#1009,#1012);
#1009 = PRODUCT_DEFINITION_FORMATION('','',#1010);
#1010 = PRODUCT('Heat Panel Backlight','Heat Panel Backlight','',(#1011)
  );
#1011 = PRODUCT_CONTEXT('',#2,'mechanical');
#1012 = PRODUCT_DEFINITION_CONTEXT('part definition',#2,'design');
#1013 = ADVANCED_BREP_SHAPE_REPRESENTATION('',(#11,#1014),#1164);
#1014 = MANIFOLD_SOLID_BREP('',#1015);
#1015 = CLOSED_SHELL('',(#1016,#1056,#1096,#1118,#1140,#1152));
#1016 = ADVANCED_FACE('',(#1017),#1051,.F.);
#1017 = FACE_BOUND('',#1018,.F.);
#1018 = EDGE_LOOP('',(#1019,#1029,#1037,#1045));
#1019 = ORIENTED_EDGE('',*,*,#1020,.F.);
#1020 = EDGE_CURVE('',#1021,#1023,#1025,.T.);
#1021 = VERTEX_POINT('',#1022);
#1022 = CARTESIAN_POINT('',(-354.2,28.,3.));
#1023 = VERTEX_POINT('',#1024);
#1024 = CARTESIAN_POINT('',(-354.2,28.,15.));
#1025 = LINE('',#1026,#1027);
#1026 = CARTESIAN_POINT('',(-354.2,28.,3.));
#1027 = VECTOR('',#1028,1.);
#1028 = DIRECTION('',(0.,0.,1.));
#1029 = ORIENTED_EDGE('',*,*,#1030,.T.);
#1030 = EDGE_CURVE('',#1021,#1031,#1033,.T.);
#1031 = VERTEX_POINT('',#1032);
#1032 = CARTESIAN_POINT('',(-354.2,426.5,3.));
#1033 = LINE('',#1034,#1035);
#1034 = CARTESIAN_POINT('',(-354.2,28.,3.));
#1035 = VECTOR('',#1036,1.);
#1036 = DIRECTION('',(-0.,1.,0.));
#1037 = ORIENTED_EDGE('',*,*,#1038,.T.);
#1038 = EDGE_CURVE('',#1031,#1039,#1041,.T.);
#1039 = VERTEX_POINT('',#1040);
#1040 = CARTESIAN_POINT('',(-354.2,426.5,15.));
#1041 = LINE('',#1042,#1043);
#1042 = CARTESIAN_POINT('',(-354.2,426.5,3.));
#1043 = VECTOR('',#1044,1.);
#1044 = DIRECTION('',(0.,0.,1.));
#1045 = ORIENTED_EDGE('',*,*,#1046,.F.);
#1046 = EDGE_CURVE('',#1023,#1039,#1047,.T.);
#1047 = LINE('',#1048,#1049);
#1048 = CARTESIAN_POINT('',(-354.2,28.,15.));
#1049 = VECTOR('',#1050,1.);
#1050 = DIRECTION('',(-0.,1.,0.));
#1051 = PLANE('',#1052);
#1052 = AXIS2_PLACEMENT_3D('',#1053,#1054,#1055);
#1053 = CARTESIAN_POINT('',(-354.2,28.,3.));
#1054 = DIRECTION('',(1.,0.,-0.));
#1055 = DIRECTION('',(0.,0.,1.));
#1056 = ADVANCED_FACE('',(#1057),#1091,.T.);
#1057 = FACE_BOUND('',#1058,.T.);
#1058 = EDGE_LOOP('',(#1059,#1069,#1077,#1085));
#1059 = ORIENTED_EDGE('',*,*,#1060,.F.);
#1060 = EDGE_CURVE('',#1061,#1063,#1065,.T.);
#1061 = VERTEX_POINT('',#1062);
#1062 = CARTESIAN_POINT('',(354.2,28.,3.));
#1063 = VERTEX_POINT('',#1064);
#1064 = CARTESIAN_POINT('',(354.2,28.,15.));
#1065 = LINE('',#1066,#1067);
#1066 = CARTESIAN_POINT('',(354.2,28.,3.));
#1067 = VECTOR('',#1068,1.);
#1068 = DIRECTION('',(0.,0.,1.));
#1069 = ORIENTED_EDGE('',*,*,#1070,.T.);
#1070 = EDGE_CURVE('',#1061,#1071,#1073,.T.);
#1071 = VERTEX_POINT('',#1072);
#1072 = CARTESIAN_POINT('',(354.2,426.5,3.));
#1073 = LINE('',#1074,#1075);
#1074 = CARTESIAN_POINT('',(354.2,28.,3.));
#1075 = VECTOR('',#1076,1.);
#1076 = DIRECTION('',(-0.,1.,0.));
#1077 = ORIENTED_EDGE('',*,*,#1078,.T.);
#1078 = EDGE_CURVE('',#1071,#1079,#1081,.T.);
#1079 = VERTEX_POINT('',#1080);
#1080 = CARTESIAN_POINT('',(354.2,426.5,15.));
#1081 = LINE('',#1082,#1083);
#1082 = CARTESIAN_POINT('',(354.2,426.5,3.));
#1083 = VECTOR('',#1084,1.);
#1084 = DIRECTION('',(0.,0.,1.));
#1085 = ORIENTED_EDGE('',*,*,#1086,.F.);
#1086 = EDGE_CURVE('',#1063,#1079,#1087,.T.);
#1087 = LINE('',#1088,#1089);
#1088 = CARTESIAN_POINT('',(354.2,28.,15.));
#1089 = VECTOR('',#1090,1.);
#1090 = DIRECTION('',(-0.,1.,0.));
#1091 = PLANE('',#1092);
#1092 = AXIS2_PLACEMENT_3D('',#1093,#1094,#1095);
#1093 = CARTESIAN_POINT('',(354.2,28.,3.));
#1094 = DIRECTION('',(1.,0.,-0.));
#1095 = DIRECTION('',(0.,0.,1.));
#1096 = ADVANCED_FACE('',(#1097),#1113,.F.);
#1097 = FACE_BOUND('',#1098,.F.);
#1098 = EDGE_LOOP('',(#1099,#1105,#1106,#1112));
#1099 = ORIENTED_EDGE('',*,*,#1100,.F.);
#1100 = EDGE_CURVE('',#1021,#1061,#1101,.T.);
#1101 = LINE('',#1102,#1103);
#1102 = CARTESIAN_POINT('',(-354.2,28.,3.));
#1103 = VECTOR('',#1104,1.);
#1104 = DIRECTION('',(1.,0.,-0.));
#1105 = ORIENTED_EDGE('',*,*,#1020,.T.);
#1106 = ORIENTED_EDGE('',*,*,#1107,.T.);
#1107 = EDGE_CURVE('',#1023,#1063,#1108,.T.);
#1108 = LINE('',#1109,#1110);
#1109 = CARTESIAN_POINT('',(-354.2,28.,15.));
#1110 = VECTOR('',#1111,1.);
#1111 = DIRECTION('',(1.,0.,-0.));
#1112 = ORIENTED_EDGE('',*,*,#1060,.F.);
#1113 = PLANE('',#1114);
#1114 = AXIS2_PLACEMENT_3D('',#1115,#1116,#1117);
#1115 = CARTESIAN_POINT('',(-354.2,28.,3.));
#1116 = DIRECTION('',(-0.,1.,0.));
#1117 = DIRECTION('',(0.,0.,1.));
#1118 = ADVANCED_FACE('',(#1119),#1135,.T.);
#1119 = FACE_BOUND('',#1120,.T.);
#1120 = EDGE_LOOP('',(#1121,#1127,#1128,#1134));
#1121 = ORIENTED_EDGE('',*,*,#1122,.F.);
#1122 = EDGE_CURVE('',#1031,#1071,#1123,.T.);
#1123 = LINE('',#1124,#1125);
#1124 = CARTESIAN_POINT('',(-354.2,426.5,3.));
#1125 = VECTOR('',#1126,1.);
#1126 = DIRECTION('',(1.,0.,-0.));
#1127 = ORIENTED_EDGE('',*,*,#1038,.T.);
#1128 = ORIENTED_EDGE('',*,*,#1129,.T.);
#1129 = EDGE_CURVE('',#1039,#1079,#1130,.T.);
#1130 = LINE('',#1131,#1132);
#1131 = CARTESIAN_POINT('',(-354.2,426.5,15.));
#1132 = VECTOR('',#1133,1.);
#1133 = DIRECTION('',(1.,0.,-0.));
#1134 = ORIENTED_EDGE('',*,*,#1078,.F.);
#1135 = PLANE('',#1136);
#1136 = AXIS2_PLACEMENT_3D('',#1137,#1138,#1139);
#1137 = CARTESIAN_POINT('',(-354.2,426.5,3.));
#1138 = DIRECTION('',(-0.,1.,0.));
#1139 = DIRECTION('',(0.,0.,1.));
#1140 = ADVANCED_FACE('',(#1141),#1147,.F.);
#1141 = FACE_BOUND('',#1142,.F.);
#1142 = EDGE_LOOP('',(#1143,#1144,#1145,#1146));
#1143 = ORIENTED_EDGE('',*,*,#1030,.F.);
#1144 = ORIENTED_EDGE('',*,*,#1100,.T.);
#1145 = ORIENTED_EDGE('',*,*,#1070,.T.);
#1146 = ORIENTED_EDGE('',*,*,#1122,.F.);
#1147 = PLANE('',#1148);
#1148 = AXIS2_PLACEMENT_3D('',#1149,#1150,#1151);
#1149 = CARTESIAN_POINT('',(-354.2,28.,3.));
#1150 = DIRECTION('',(0.,0.,1.));
#1151 = DIRECTION('',(1.,0.,-0.));
#1152 = ADVANCED_FACE('',(#1153),#1159,.T.);
#1153 = FACE_BOUND('',#1154,.T.);
#1154 = EDGE_LOOP('',(#1155,#1156,#1157,#1158));
#1155 = ORIENTED_EDGE('',*,*,#1046,.F.);
#1156 = ORIENTED_EDGE('',*,*,#1107,.T.);
#1157 = ORIENTED_EDGE('',*,*,#1086,.T.);
#1158 = ORIENTED_EDGE('',*,*,#1129,.F.);
#1159 = PLANE('',#1160);
#1160 = AXIS2_PLACEMENT_3D('',#1161,#1162,#1163);
#1161 = CARTESIAN_POINT('',(-354.2,28.,15.));
#1162 = DIRECTION('',(0.,0.,1.));
#1163 = DIRECTION('',(1.,0.,-0.));
#1164 = ( GEOMETRIC_REPRESENTATION_CONTEXT(3)
GLOBAL_UNCERTAINTY_ASSIGNED_CONTEXT((#1168))
GLOBAL_UNIT_ASSIGNED_CONTEXT((#1165,#1166,#1167)) REPRESENTATION_CONTEXT
('Context #1','3D Context with UNIT and UNCERTAINTY') );
#1165 = ( LENGTH_UNIT() NAMED_UNIT(*) SI_UNIT(.MILLI.,.METRE.) );
#1166 = ( NAMED_UNIT(*) PLANE_ANGLE_UNIT() SI_UNIT($,.RADIAN.) );
#1167 = ( NAMED_UNIT(*) SI_UNIT($,.STERADIAN.) SOLID_ANGLE_UNIT() );
#1168 = UNCERTAINTY_MEASURE_WITH_UNIT(LENGTH_MEASURE(1.E-07),#1165,
  'distance_accuracy_value','confusion accuracy');
#1169 = CONTEXT_DEPENDENT_SHAPE_REPRESENTATION(#1170,#1172);
#1170 = ( REPRESENTATION_RELATIONSHIP('','',#1013,#10)
REPRESENTATION_RELATIONSHIP_WITH_TRANSFORMATION(#1171)
SHAPE_REPRESENTATION_RELATIONSHIP() );
#1171 = ITEM_DEFINED_TRANSFORMATION('','',#11,#27);
#1172 = PRODUCT_DEFINITION_SHAPE('Placement','Placement of an item',
  #1173);
#1173 = NEXT_ASSEMBLY_USAGE_OCCURRENCE('4','Heat Panel Backlight','',#5,
  #1008,$);
#1174 = PRODUCT_RELATED_PRODUCT_CATEGORY('part',$,(#1010));
#1175 = SHAPE_DEFINITION_REPRESENTATION(#1176,#1182);
#1176 = PRODUCT_DEFINITION_SHAPE('','',#1177);
#1177 = PRODUCT_DEFINITION('design','',#1178,#1181);
#1178 = PRODUCT_DEFINITION_FORMATION('','',#1179);
#1179 = PRODUCT('Carrier PCB','Carrier PCB','',(#1180));
#1180 = PRODUCT_CONTEXT('',#2,'mechanical');
#1181 = PRODUCT_DEFINITION_CONTEXT('part definition',#2,'design');
#1182 = ADVANCED_BREP_SHAPE_REPRESENTATION('',(#11,#1183),#1333);
#1183 = MANIFOLD_SOLID_BREP('',#1184);
#1184 = CLOSED_SHELL('',(#1185,#1225,#1265,#1287,#1309,#1321));
#1185 = ADVANCED_FACE('',(#1186),#1220,.F.);
#1186 = FACE_BOUND('',#1187,.F.);
#1187 = EDGE_LOOP('',(#1188,#1198,#1206,#1214));
#1188 = ORIENTED_EDGE('',*,*,#1189,.F.);
#1189 = EDGE_CURVE('',#1190,#1192,#1194,.T.);
#1190 = VERTEX_POINT('',#1191);
#1191 = CARTESIAN_POINT('',(-100.,186.,23.));
#1192 = VERTEX_POINT('',#1193);
#1193 = CARTESIAN_POINT('',(-100.,186.,25.));
#1194 = LINE('',#1195,#1196);
#1195 = CARTESIAN_POINT('',(-100.,186.,23.));
#1196 = VECTOR('',#1197,1.);
#1197 = DIRECTION('',(0.,0.,1.));
#1198 = ORIENTED_EDGE('',*,*,#1199,.T.);
#1199 = EDGE_CURVE('',#1190,#1200,#1202,.T.);
#1200 = VERTEX_POINT('',#1201);
#1201 = CARTESIAN_POINT('',(-100.,306.,23.));
#1202 = LINE('',#1203,#1204);
#1203 = CARTESIAN_POINT('',(-100.,186.,23.));
#1204 = VECTOR('',#1205,1.);
#1205 = DIRECTION('',(-0.,1.,0.));
#1206 = ORIENTED_EDGE('',*,*,#1207,.T.);
#1207 = EDGE_CURVE('',#1200,#1208,#1210,.T.);
#1208 = VERTEX_POINT('',#1209);
#1209 = CARTESIAN_POINT('',(-100.,306.,25.));
#1210 = LINE('',#1211,#1212);
#1211 = CARTESIAN_POINT('',(-100.,306.,23.));
#1212 = VECTOR('',#1213,1.);
#1213 = DIRECTION('',(0.,0.,1.));
#1214 = ORIENTED_EDGE('',*,*,#1215,.F.);
#1215 = EDGE_CURVE('',#1192,#1208,#1216,.T.);
#1216 = LINE('',#1217,#1218);
#1217 = CARTESIAN_POINT('',(-100.,186.,25.));
#1218 = VECTOR('',#1219,1.);
#1219 = DIRECTION('',(-0.,1.,0.));
#1220 = PLANE('',#1221);
#1221 = AXIS2_PLACEMENT_3D('',#1222,#1223,#1224);
#1222 = CARTESIAN_POINT('',(-100.,186.,23.));
#1223 = DIRECTION('',(1.,0.,-0.));
#1224 = DIRECTION('',(0.,0.,1.));
#1225 = ADVANCED_FACE('',(#1226),#1260,.T.);
#1226 = FACE_BOUND('',#1227,.T.);
#1227 = EDGE_LOOP('',(#1228,#1238,#1246,#1254));
#1228 = ORIENTED_EDGE('',*,*,#1229,.F.);
#1229 = EDGE_CURVE('',#1230,#1232,#1234,.T.);
#1230 = VERTEX_POINT('',#1231);
#1231 = CARTESIAN_POINT('',(100.,186.,23.));
#1232 = VERTEX_POINT('',#1233);
#1233 = CARTESIAN_POINT('',(100.,186.,25.));
#1234 = LINE('',#1235,#1236);
#1235 = CARTESIAN_POINT('',(100.,186.,23.));
#1236 = VECTOR('',#1237,1.);
#1237 = DIRECTION('',(0.,0.,1.));
#1238 = ORIENTED_EDGE('',*,*,#1239,.T.);
#1239 = EDGE_CURVE('',#1230,#1240,#1242,.T.);
#1240 = VERTEX_POINT('',#1241);
#1241 = CARTESIAN_POINT('',(100.,306.,23.));
#1242 = LINE('',#1243,#1244);
#1243 = CARTESIAN_POINT('',(100.,186.,23.));
#1244 = VECTOR('',#1245,1.);
#1245 = DIRECTION('',(-0.,1.,0.));
#1246 = ORIENTED_EDGE('',*,*,#1247,.T.);
#1247 = EDGE_CURVE('',#1240,#1248,#1250,.T.);
#1248 = VERTEX_POINT('',#1249);
#1249 = CARTESIAN_POINT('',(100.,306.,25.));
#1250 = LINE('',#1251,#1252);
#1251 = CARTESIAN_POINT('',(100.,306.,23.));
#1252 = VECTOR('',#1253,1.);
#1253 = DIRECTION('',(0.,0.,1.));
#1254 = ORIENTED_EDGE('',*,*,#1255,.F.);
#1255 = EDGE_CURVE('',#1232,#1248,#1256,.T.);
#1256 = LINE('',#1257,#1258);
#1257 = CARTESIAN_POINT('',(100.,186.,25.));
#1258 = VECTOR('',#1259,1.);
#1259 = DIRECTION('',(-0.,1.,0.));
#1260 = PLANE('',#1261);
#1261 = AXIS2_PLACEMENT_3D('',#1262,#1263,#1264);
#1262 = CARTESIAN_POINT('',(100.,186.,23.));
#1263 = DIRECTION('',(1.,0.,-0.));
#1264 = DIRECTION('',(0.,0.,1.));
#1265 = ADVANCED_FACE('',(#1266),#1282,.F.);
#1266 = FACE_BOUND('',#1267,.F.);
#1267 = EDGE_LOOP('',(#1268,#1274,#1275,#1281));
#1268 = ORIENTED_EDGE('',*,*,#1269,.F.);
#1269 = EDGE_CURVE('',#1190,#1230,#1270,.T.);
#1270 = LINE('',#1271,#1272);
#1271 = CARTESIAN_POINT('',(-100.,186.,23.));
#1272 = VECTOR('',#1273,1.);
#1273 = DIRECTION('',(1.,0.,-0.));
#1274 = ORIENTED_EDGE('',*,*,#1189,.T.);
#1275 = ORIENTED_EDGE('',*,*,#1276,.T.);
#1276 = EDGE_CURVE('',#1192,#1232,#1277,.T.);
#1277 = LINE('',#1278,#1279);
#1278 = CARTESIAN_POINT('',(-100.,186.,25.));
#1279 = VECTOR('',#1280,1.);
#1280 = DIRECTION('',(1.,0.,-0.));
#1281 = ORIENTED_EDGE('',*,*,#1229,.F.);
#1282 = PLANE('',#1283);
#1283 = AXIS2_PLACEMENT_3D('',#1284,#1285,#1286);
#1284 = CARTESIAN_POINT('',(-100.,186.,23.));
#1285 = DIRECTION('',(-0.,1.,0.));
#1286 = DIRECTION('',(0.,0.,1.));
#1287 = ADVANCED_FACE('',(#1288),#1304,.T.);
#1288 = FACE_BOUND('',#1289,.T.);
#1289 = EDGE_LOOP('',(#1290,#1296,#1297,#1303));
#1290 = ORIENTED_EDGE('',*,*,#1291,.F.);
#1291 = EDGE_CURVE('',#1200,#1240,#1292,.T.);
#1292 = LINE('',#1293,#1294);
#1293 = CARTESIAN_POINT('',(-100.,306.,23.));
#1294 = VECTOR('',#1295,1.);
#1295 = DIRECTION('',(1.,0.,-0.));
#1296 = ORIENTED_EDGE('',*,*,#1207,.T.);
#1297 = ORIENTED_EDGE('',*,*,#1298,.T.);
#1298 = EDGE_CURVE('',#1208,#1248,#1299,.T.);
#1299 = LINE('',#1300,#1301);
#1300 = CARTESIAN_POINT('',(-100.,306.,25.));
#1301 = VECTOR('',#1302,1.);
#1302 = DIRECTION('',(1.,0.,-0.));
#1303 = ORIENTED_EDGE('',*,*,#1247,.F.);
#1304 = PLANE('',#1305);
#1305 = AXIS2_PLACEMENT_3D('',#1306,#1307,#1308);
#1306 = CARTESIAN_POINT('',(-100.,306.,23.));
#1307 = DIRECTION('',(-0.,1.,0.));
#1308 = DIRECTION('',(0.,0.,1.));
#1309 = ADVANCED_FACE('',(#1310),#1316,.F.);
#1310 = FACE_BOUND('',#1311,.F.);
#1311 = EDGE_LOOP('',(#1312,#1313,#1314,#1315));
#1312 = ORIENTED_EDGE('',*,*,#1199,.F.);
#1313 = ORIENTED_EDGE('',*,*,#1269,.T.);
#1314 = ORIENTED_EDGE('',*,*,#1239,.T.);
#1315 = ORIENTED_EDGE('',*,*,#1291,.F.);
#1316 = PLANE('',#1317);
#1317 = AXIS2_PLACEMENT_3D('',#1318,#1319,#1320);
#1318 = CARTESIAN_POINT('',(-100.,186.,23.));
#1319 = DIRECTION('',(0.,0.,1.));
#1320 = DIRECTION('',(1.,0.,-0.));
#1321 = ADVANCED_FACE('',(#1322),#1328,.T.);
#1322 = FACE_BOUND('',#1323,.T.);
#1323 = EDGE_LOOP('',(#1324,#1325,#1326,#1327));
#1324 = ORIENTED_EDGE('',*,*,#1215,.F.);
#1325 = ORIENTED_EDGE('',*,*,#1276,.T.);
#1326 = ORIENTED_EDGE('',*,*,#1255,.T.);
#1327 = ORIENTED_EDGE('',*,*,#1298,.F.);
#1328 = PLANE('',#1329);
#1329 = AXIS2_PLACEMENT_3D('',#1330,#1331,#1332);
#1330 = CARTESIAN_POINT('',(-100.,186.,25.));
#1331 = DIRECTION('',(0.,0.,1.));
#1332 = DIRECTION('',(1.,0.,-0.));
#1333 = ( GEOMETRIC_REPRESENTATION_CONTEXT(3)
GLOBAL_UNCERTAINTY_ASSIGNED_CONTEXT((#1337))
GLOBAL_UNIT_ASSIGNED_CONTEXT((#1334,#1335,#1336)) REPRESENTATION_CONTEXT
('Context #1','3D Context with UNIT and UNCERTAINTY') );
#1334 = ( LENGTH_UNIT() NAMED_UNIT(*) SI_UNIT(.MILLI.,.METRE.) );
#1335 = ( NAMED_UNIT(*) PLANE_ANGLE_UNIT() SI_UNIT($,.RADIAN.) );
#1336 = ( NAMED_UNIT(*) SI_UNIT($,.STERADIAN.) SOLID_ANGLE_UNIT() );
#1337 = UNCERTAINTY_MEASURE_WITH_UNIT(LENGTH_MEASURE(1.E-07),#1334,
  'distance_accuracy_value','confusion accuracy');
#1338 = CONTEXT_DEPENDENT_SHAPE_REPRESENTATION(#1339,#1341);
#1339 = ( REPRESENTATION_RELATIONSHIP('','',#1182,#10)
REPRESENTATION_RELATIONSHIP_WITH_TRANSFORMATION(#1340)
SHAPE_REPRESENTATION_RELATIONSHIP() );
#1340 = ITEM_DEFINED_TRANSFORMATION('','',#11,#31);
#1341 = PRODUCT_DEFINITION_SHAPE('Placement','Placement of an item',
  #1342);
#1342 = NEXT_ASSEMBLY_USAGE_OCCURRENCE('5','Carrier PCB','',#5,#1177,$);
#1343 = PRODUCT_RELATED_PRODUCT_CATEGORY('part',$,(#1179));
#1344 = SHAPE_DEFINITION_REPRESENTATION(#1345,#1351);
#1345 = PRODUCT_DEFINITION_SHAPE('','',#1346);
#1346 = PRODUCT_DEFINITION('design','',#1347,#1350);
#1347 = PRODUCT_DEFINITION_FORMATION('','',#1348);
#1348 = PRODUCT('Heat Spreader','Heat Spreader','',(#1349));
#1349 = PRODUCT_CONTEXT('',#2,'mechanical');
#1350 = PRODUCT_DEFINITION_CONTEXT('part definition',#2,'design');
#1351 = ADVANCED_BREP_SHAPE_REPRESENTATION('',(#11,#1352),#1502);
#1352 = MANIFOLD_SOLID_BREP('',#1353);
#1353 = CLOSED_SHELL('',(#1354,#1394,#1434,#1456,#1478,#1490));
#1354 = ADVANCED_FACE('',(#1355),#1389,.F.);
#1355 = FACE_BOUND('',#1356,.F.);
#1356 = EDGE_LOOP('',(#1357,#1367,#1375,#1383));
#1357 = ORIENTED_EDGE('',*,*,#1358,.F.);
#1358 = EDGE_CURVE('',#1359,#1361,#1363,.T.);
#1359 = VERTEX_POINT('',#1360);
#1360 = CARTESIAN_POINT('',(-80.,196.,17.));
#1361 = VERTEX_POINT('',#1362);
#1362 = CARTESIAN_POINT('',(-80.,196.,20.));
#1363 = LINE('',#1364,#1365);
#1364 = CARTESIAN_POINT('',(-80.,196.,17.));
#1365 = VECTOR('',#1366,1.);
#1366 = DIRECTION('',(0.,0.,1.));
#1367 = ORIENTED_EDGE('',*,*,#1368,.T.);
#1368 = EDGE_CURVE('',#1359,#1369,#1371,.T.);
#1369 = VERTEX_POINT('',#1370);
#1370 = CARTESIAN_POINT('',(-80.,296.,17.));
#1371 = LINE('',#1372,#1373);
#1372 = CARTESIAN_POINT('',(-80.,196.,17.));
#1373 = VECTOR('',#1374,1.);
#1374 = DIRECTION('',(-0.,1.,0.));
#1375 = ORIENTED_EDGE('',*,*,#1376,.T.);
#1376 = EDGE_CURVE('',#1369,#1377,#1379,.T.);
#1377 = VERTEX_POINT('',#1378);
#1378 = CARTESIAN_POINT('',(-80.,296.,20.));
#1379 = LINE('',#1380,#1381);
#1380 = CARTESIAN_POINT('',(-80.,296.,17.));
#1381 = VECTOR('',#1382,1.);
#1382 = DIRECTION('',(0.,0.,1.));
#1383 = ORIENTED_EDGE('',*,*,#1384,.F.);
#1384 = EDGE_CURVE('',#1361,#1377,#1385,.T.);
#1385 = LINE('',#1386,#1387);
#1386 = CARTESIAN_POINT('',(-80.,196.,20.));
#1387 = VECTOR('',#1388,1.);
#1388 = DIRECTION('',(-0.,1.,0.));
#1389 = PLANE('',#1390);
#1390 = AXIS2_PLACEMENT_3D('',#1391,#1392,#1393);
#1391 = CARTESIAN_POINT('',(-80.,196.,17.));
#1392 = DIRECTION('',(1.,0.,-0.));
#1393 = DIRECTION('',(0.,0.,1.));
#1394 = ADVANCED_FACE('',(#1395),#1429,.T.);
#1395 = FACE_BOUND('',#1396,.T.);
#1396 = EDGE_LOOP('',(#1397,#1407,#1415,#1423));
#1397 = ORIENTED_EDGE('',*,*,#1398,.F.);
#1398 = EDGE_CURVE('',#1399,#1401,#1403,.T.);
#1399 = VERTEX_POINT('',#1400);
#1400 = CARTESIAN_POINT('',(80.,196.,17.));
#1401 = VERTEX_POINT('',#1402);
#1402 = CARTESIAN_POINT('',(80.,196.,20.));
#1403 = LINE('',#1404,#1405);
#1404 = CARTESIAN_POINT('',(80.,196.,17.));
#1405 = VECTOR('',#1406,1.);
#1406 = DIRECTION('',(0.,0.,1.));
#1407 = ORIENTED_EDGE('',*,*,#1408,.T.);
#1408 = EDGE_CURVE('',#1399,#1409,#1411,.T.);
#1409 = VERTEX_POINT('',#1410);
#1410 = CARTESIAN_POINT('',(80.,296.,17.));
#1411 = LINE('',#1412,#1413);
#1412 = CARTESIAN_POINT('',(80.,196.,17.));
#1413 = VECTOR('',#1414,1.);
#1414 = DIRECTION('',(-0.,1.,0.));
#1415 = ORIENTED_EDGE('',*,*,#1416,.T.);
#1416 = EDGE_CURVE('',#1409,#1417,#1419,.T.);
#1417 = VERTEX_POINT('',#1418);
#1418 = CARTESIAN_POINT('',(80.,296.,20.));
#1419 = LINE('',#1420,#1421);
#1420 = CARTESIAN_POINT('',(80.,296.,17.));
#1421 = VECTOR('',#1422,1.);
#1422 = DIRECTION('',(0.,0.,1.));
#1423 = ORIENTED_EDGE('',*,*,#1424,.F.);
#1424 = EDGE_CURVE('',#1401,#1417,#1425,.T.);
#1425 = LINE('',#1426,#1427);
#1426 = CARTESIAN_POINT('',(80.,196.,20.));
#1427 = VECTOR('',#1428,1.);
#1428 = DIRECTION('',(-0.,1.,0.));
#1429 = PLANE('',#1430);
#1430 = AXIS2_PLACEMENT_3D('',#1431,#1432,#1433);
#1431 = CARTESIAN_POINT('',(80.,196.,17.));
#1432 = DIRECTION('',(1.,0.,-0.));
#1433 = DIRECTION('',(0.,0.,1.));
#1434 = ADVANCED_FACE('',(#1435),#1451,.F.);
#1435 = FACE_BOUND('',#1436,.F.);
#1436 = EDGE_LOOP('',(#1437,#1443,#1444,#1450));
#1437 = ORIENTED_EDGE('',*,*,#1438,.F.);
#1438 = EDGE_CURVE('',#1359,#1399,#1439,.T.);
#1439 = LINE('',#1440,#1441);
#1440 = CARTESIAN_POINT('',(-80.,196.,17.));
#1441 = VECTOR('',#1442,1.);
#1442 = DIRECTION('',(1.,0.,-0.));
#1443 = ORIENTED_EDGE('',*,*,#1358,.T.);
#1444 = ORIENTED_EDGE('',*,*,#1445,.T.);
#1445 = EDGE_CURVE('',#1361,#1401,#1446,.T.);
#1446 = LINE('',#1447,#1448);
#1447 = CARTESIAN_POINT('',(-80.,196.,20.));
#1448 = VECTOR('',#1449,1.);
#1449 = DIRECTION('',(1.,0.,-0.));
#1450 = ORIENTED_EDGE('',*,*,#1398,.F.);
#1451 = PLANE('',#1452);
#1452 = AXIS2_PLACEMENT_3D('',#1453,#1454,#1455);
#1453 = CARTESIAN_POINT('',(-80.,196.,17.));
#1454 = DIRECTION('',(-0.,1.,0.));
#1455 = DIRECTION('',(0.,0.,1.));
#1456 = ADVANCED_FACE('',(#1457),#1473,.T.);
#1457 = FACE_BOUND('',#1458,.T.);
#1458 = EDGE_LOOP('',(#1459,#1465,#1466,#1472));
#1459 = ORIENTED_EDGE('',*,*,#1460,.F.);
#1460 = EDGE_CURVE('',#1369,#1409,#1461,.T.);
#1461 = LINE('',#1462,#1463);
#1462 = CARTESIAN_POINT('',(-80.,296.,17.));
#1463 = VECTOR('',#1464,1.);
#1464 = DIRECTION('',(1.,0.,-0.));
#1465 = ORIENTED_EDGE('',*,*,#1376,.T.);
#1466 = ORIENTED_EDGE('',*,*,#1467,.T.);
#1467 = EDGE_CURVE('',#1377,#1417,#1468,.T.);
#1468 = LINE('',#1469,#1470);
#1469 = CARTESIAN_POINT('',(-80.,296.,20.));
#1470 = VECTOR('',#1471,1.);
#1471 = DIRECTION('',(1.,0.,-0.));
#1472 = ORIENTED_EDGE('',*,*,#1416,.F.);
#1473 = PLANE('',#1474);
#1474 = AXIS2_PLACEMENT_3D('',#1475,#1476,#1477);
#1475 = CARTESIAN_POINT('',(-80.,296.,17.));
#1476 = DIRECTION('',(-0.,1.,0.));
#1477 = DIRECTION('',(0.,0.,1.));
#1478 = ADVANCED_FACE('',(#1479),#1485,.F.);
#1479 = FACE_BOUND('',#1480,.F.);
#1480 = EDGE_LOOP('',(#1481,#1482,#1483,#1484));
#1481 = ORIENTED_EDGE('',*,*,#1368,.F.);
#1482 = ORIENTED_EDGE('',*,*,#1438,.T.);
#1483 = ORIENTED_EDGE('',*,*,#1408,.T.);
#1484 = ORIENTED_EDGE('',*,*,#1460,.F.);
#1485 = PLANE('',#1486);
#1486 = AXIS2_PLACEMENT_3D('',#1487,#1488,#1489);
#1487 = CARTESIAN_POINT('',(-80.,196.,17.));
#1488 = DIRECTION('',(0.,0.,1.));
#1489 = DIRECTION('',(1.,0.,-0.));
#1490 = ADVANCED_FACE('',(#1491),#1497,.T.);
#1491 = FACE_BOUND('',#1492,.T.);
#1492 = EDGE_LOOP('',(#1493,#1494,#1495,#1496));
#1493 = ORIENTED_EDGE('',*,*,#1384,.F.);
#1494 = ORIENTED_EDGE('',*,*,#1445,.T.);
#1495 = ORIENTED_EDGE('',*,*,#1424,.T.);
#1496 = ORIENTED_EDGE('',*,*,#1467,.F.);
#1497 = PLANE('',#1498);
#1498 = AXIS2_PLACEMENT_3D('',#1499,#1500,#1501);
#1499 = CARTESIAN_POINT('',(-80.,196.,20.));
#1500 = DIRECTION('',(0.,0.,1.));
#1501 = DIRECTION('',(1.,0.,-0.));
#1502 = ( GEOMETRIC_REPRESENTATION_CONTEXT(3)
GLOBAL_UNCERTAINTY_ASSIGNED_CONTEXT((#1506))
GLOBAL_UNIT_ASSIGNED_CONTEXT((#1503,#1504,#1505)) REPRESENTATION_CONTEXT
('Context #1','3D Context with UNIT and UNCERTAINTY') );
#1503 = ( LENGTH_UNIT() NAMED_UNIT(*) SI_UNIT(.MILLI.,.METRE.) );
#1504 = ( NAMED_UNIT(*) PLANE_ANGLE_UNIT() SI_UNIT($,.RADIAN.) );
#1505 = ( NAMED_UNIT(*) SI_UNIT($,.STERADIAN.) SOLID_ANGLE_UNIT() );
#1506 = UNCERTAINTY_MEASURE_WITH_UNIT(LENGTH_MEASURE(1.E-07),#1503,
  'distance_accuracy_value','confusion accuracy');
#1507 = CONTEXT_DEPENDENT_SHAPE_REPRESENTATION(#1508,#1510);
#1508 = ( REPRESENTATION_RELATIONSHIP('','',#1351,#10)
REPRESENTATION_RELATIONSHIP_WITH_TRANSFORMATION(#1509)
SHAPE_REPRESENTATION_RELATIONSHIP() );
#1509 = ITEM_DEFINED_TRANSFORMATION('','',#11,#35);
#1510 = PRODUCT_DEFINITION_SHAPE('Placement','Placement of an item',
  #1511);
#1511 = NEXT_ASSEMBLY_USAGE_OCCURRENCE('6','Heat Spreader','',#5,#1346,$
  );
#1512 = PRODUCT_RELATED_PRODUCT_CATEGORY('part',$,(#1348));
#1513 = SHAPE_DEFINITION_REPRESENTATION(#1514,#1520);
#1514 = PRODUCT_DEFINITION_SHAPE('','',#1515);
#1515 = PRODUCT_DEFINITION('design','',#1516,#1519);
#1516 = PRODUCT_DEFINITION_FORMATION('','',#1517);
#1517 = PRODUCT('TIM QC7790','TIM QC7790','',(#1518));
#1518 = PRODUCT_CONTEXT('',#2,'mechanical');
#1519 = PRODUCT_DEFINITION_CONTEXT('part definition',#2,'design');
#1520 = ADVANCED_BREP_SHAPE_REPRESENTATION('',(#11,#1521),#1671);
#1521 = MANIFOLD_SOLID_BREP('',#1522);
#1522 = CLOSED_SHELL('',(#1523,#1563,#1603,#1625,#1647,#1659));
#1523 = ADVANCED_FACE('',(#1524),#1558,.F.);
#1524 = FACE_BOUND('',#1525,.F.);
#1525 = EDGE_LOOP('',(#1526,#1536,#1544,#1552));
#1526 = ORIENTED_EDGE('',*,*,#1527,.F.);
#1527 = EDGE_CURVE('',#1528,#1530,#1532,.T.);
#1528 = VERTEX_POINT('',#1529);
#1529 = CARTESIAN_POINT('',(-20.,226.,20.));
#1530 = VERTEX_POINT('',#1531);
#1531 = CARTESIAN_POINT('',(-20.,226.,21.));
#1532 = LINE('',#1533,#1534);
#1533 = CARTESIAN_POINT('',(-20.,226.,20.));
#1534 = VECTOR('',#1535,1.);
#1535 = DIRECTION('',(0.,0.,1.));
#1536 = ORIENTED_EDGE('',*,*,#1537,.T.);
#1537 = EDGE_CURVE('',#1528,#1538,#1540,.T.);
#1538 = VERTEX_POINT('',#1539);
#1539 = CARTESIAN_POINT('',(-20.,266.,20.));
#1540 = LINE('',#1541,#1542);
#1541 = CARTESIAN_POINT('',(-20.,226.,20.));
#1542 = VECTOR('',#1543,1.);
#1543 = DIRECTION('',(-0.,1.,0.));
#1544 = ORIENTED_EDGE('',*,*,#1545,.T.);
#1545 = EDGE_CURVE('',#1538,#1546,#1548,.T.);
#1546 = VERTEX_POINT('',#1547);
#1547 = CARTESIAN_POINT('',(-20.,266.,21.));
#1548 = LINE('',#1549,#1550);
#1549 = CARTESIAN_POINT('',(-20.,266.,20.));
#1550 = VECTOR('',#1551,1.);
#1551 = DIRECTION('',(0.,0.,1.));
#1552 = ORIENTED_EDGE('',*,*,#1553,.F.);
#1553 = EDGE_CURVE('',#1530,#1546,#1554,.T.);
#1554 = LINE('',#1555,#1556);
#1555 = CARTESIAN_POINT('',(-20.,226.,21.));
#1556 = VECTOR('',#1557,1.);
#1557 = DIRECTION('',(-0.,1.,0.));
#1558 = PLANE('',#1559);
#1559 = AXIS2_PLACEMENT_3D('',#1560,#1561,#1562);
#1560 = CARTESIAN_POINT('',(-20.,226.,20.));
#1561 = DIRECTION('',(1.,0.,-0.));
#1562 = DIRECTION('',(0.,0.,1.));
#1563 = ADVANCED_FACE('',(#1564),#1598,.T.);
#1564 = FACE_BOUND('',#1565,.T.);
#1565 = EDGE_LOOP('',(#1566,#1576,#1584,#1592));
#1566 = ORIENTED_EDGE('',*,*,#1567,.F.);
#1567 = EDGE_CURVE('',#1568,#1570,#1572,.T.);
#1568 = VERTEX_POINT('',#1569);
#1569 = CARTESIAN_POINT('',(20.,226.,20.));
#1570 = VERTEX_POINT('',#1571);
#1571 = CARTESIAN_POINT('',(20.,226.,21.));
#1572 = LINE('',#1573,#1574);
#1573 = CARTESIAN_POINT('',(20.,226.,20.));
#1574 = VECTOR('',#1575,1.);
#1575 = DIRECTION('',(0.,0.,1.));
#1576 = ORIENTED_EDGE('',*,*,#1577,.T.);
#1577 = EDGE_CURVE('',#1568,#1578,#1580,.T.);
#1578 = VERTEX_POINT('',#1579);
#1579 = CARTESIAN_POINT('',(20.,266.,20.));
#1580 = LINE('',#1581,#1582);
#1581 = CARTESIAN_POINT('',(20.,226.,20.));
#1582 = VECTOR('',#1583,1.);
#1583 = DIRECTION('',(-0.,1.,0.));
#1584 = ORIENTED_EDGE('',*,*,#1585,.T.);
#1585 = EDGE_CURVE('',#1578,#1586,#1588,.T.);
#1586 = VERTEX_POINT('',#1587);
#1587 = CARTESIAN_POINT('',(20.,266.,21.));
#1588 = LINE('',#1589,#1590);
#1589 = CARTESIAN_POINT('',(20.,266.,20.));
#1590 = VECTOR('',#1591,1.);
#1591 = DIRECTION('',(0.,0.,1.));
#1592 = ORIENTED_EDGE('',*,*,#1593,.F.);
#1593 = EDGE_CURVE('',#1570,#1586,#1594,.T.);
#1594 = LINE('',#1595,#1596);
#1595 = CARTESIAN_POINT('',(20.,226.,21.));
#1596 = VECTOR('',#1597,1.);
#1597 = DIRECTION('',(-0.,1.,0.));
#1598 = PLANE('',#1599);
#1599 = AXIS2_PLACEMENT_3D('',#1600,#1601,#1602);
#1600 = CARTESIAN_POINT('',(20.,226.,20.));
#1601 = DIRECTION('',(1.,0.,-0.));
#1602 = DIRECTION('',(0.,0.,1.));
#1603 = ADVANCED_FACE('',(#1604),#1620,.F.);
#1604 = FACE_BOUND('',#1605,.F.);
#1605 = EDGE_LOOP('',(#1606,#1612,#1613,#1619));
#1606 = ORIENTED_EDGE('',*,*,#1607,.F.);
#1607 = EDGE_CURVE('',#1528,#1568,#1608,.T.);
#1608 = LINE('',#1609,#1610);
#1609 = CARTESIAN_POINT('',(-20.,226.,20.));
#1610 = VECTOR('',#1611,1.);
#1611 = DIRECTION('',(1.,0.,-0.));
#1612 = ORIENTED_EDGE('',*,*,#1527,.T.);
#1613 = ORIENTED_EDGE('',*,*,#1614,.T.);
#1614 = EDGE_CURVE('',#1530,#1570,#1615,.T.);
#1615 = LINE('',#1616,#1617);
#1616 = CARTESIAN_POINT('',(-20.,226.,21.));
#1617 = VECTOR('',#1618,1.);
#1618 = DIRECTION('',(1.,0.,-0.));
#1619 = ORIENTED_EDGE('',*,*,#1567,.F.);
#1620 = PLANE('',#1621);
#1621 = AXIS2_PLACEMENT_3D('',#1622,#1623,#1624);
#1622 = CARTESIAN_POINT('',(-20.,226.,20.));
#1623 = DIRECTION('',(-0.,1.,0.));
#1624 = DIRECTION('',(0.,0.,1.));
#1625 = ADVANCED_FACE('',(#1626),#1642,.T.);
#1626 = FACE_BOUND('',#1627,.T.);
#1627 = EDGE_LOOP('',(#1628,#1634,#1635,#1641));
#1628 = ORIENTED_EDGE('',*,*,#1629,.F.);
#1629 = EDGE_CURVE('',#1538,#1578,#1630,.T.);
#1630 = LINE('',#1631,#1632);
#1631 = CARTESIAN_POINT('',(-20.,266.,20.));
#1632 = VECTOR('',#1633,1.);
#1633 = DIRECTION('',(1.,0.,-0.));
#1634 = ORIENTED_EDGE('',*,*,#1545,.T.);
#1635 = ORIENTED_EDGE('',*,*,#1636,.T.);
#1636 = EDGE_CURVE('',#1546,#1586,#1637,.T.);
#1637 = LINE('',#1638,#1639);
#1638 = CARTESIAN_POINT('',(-20.,266.,21.));
#1639 = VECTOR('',#1640,1.);
#1640 = DIRECTION('',(1.,0.,-0.));
#1641 = ORIENTED_EDGE('',*,*,#1585,.F.);
#1642 = PLANE('',#1643);
#1643 = AXIS2_PLACEMENT_3D('',#1644,#1645,#1646);
#1644 = CARTESIAN_POINT('',(-20.,266.,20.));
#1645 = DIRECTION('',(-0.,1.,0.));
#1646 = DIRECTION('',(0.,0.,1.));
#1647 = ADVANCED_FACE('',(#1648),#1654,.F.);
#1648 = FACE_BOUND('',#1649,.F.);
#1649 = EDGE_LOOP('',(#1650,#1651,#1652,#1653));
#1650 = ORIENTED_EDGE('',*,*,#1537,.F.);
#1651 = ORIENTED_EDGE('',*,*,#1607,.T.);
#1652 = ORIENTED_EDGE('',*,*,#1577,.T.);
#1653 = ORIENTED_EDGE('',*,*,#1629,.F.);
#1654 = PLANE('',#1655);
#1655 = AXIS2_PLACEMENT_3D('',#1656,#1657,#1658);
#1656 = CARTESIAN_POINT('',(-20.,226.,20.));
#1657 = DIRECTION('',(0.,0.,1.));
#1658 = DIRECTION('',(1.,0.,-0.));
#1659 = ADVANCED_FACE('',(#1660),#1666,.T.);
#1660 = FACE_BOUND('',#1661,.T.);
#1661 = EDGE_LOOP('',(#1662,#1663,#1664,#1665));
#1662 = ORIENTED_EDGE('',*,*,#1553,.F.);
#1663 = ORIENTED_EDGE('',*,*,#1614,.T.);
#1664 = ORIENTED_EDGE('',*,*,#1593,.T.);
#1665 = ORIENTED_EDGE('',*,*,#1636,.F.);
#1666 = PLANE('',#1667);
#1667 = AXIS2_PLACEMENT_3D('',#1668,#1669,#1670);
#1668 = CARTESIAN_POINT('',(-20.,226.,21.));
#1669 = DIRECTION('',(0.,0.,1.));
#1670 = DIRECTION('',(1.,0.,-0.));
#1671 = ( GEOMETRIC_REPRESENTATION_CONTEXT(3)
GLOBAL_UNCERTAINTY_ASSIGNED_CONTEXT((#1675))
GLOBAL_UNIT_ASSIGNED_CONTEXT((#1672,#1673,#1674)) REPRESENTATION_CONTEXT
('Context #1','3D Context with UNIT and UNCERTAINTY') );
#1672 = ( LENGTH_UNIT() NAMED_UNIT(*) SI_UNIT(.MILLI.,.METRE.) );
#1673 = ( NAMED_UNIT(*) PLANE_ANGLE_UNIT() SI_UNIT($,.RADIAN.) );
#1674 = ( NAMED_UNIT(*) SI_UNIT($,.STERADIAN.) SOLID_ANGLE_UNIT() );
#1675 = UNCERTAINTY_MEASURE_WITH_UNIT(LENGTH_MEASURE(1.E-07),#1672,
  'distance_accuracy_value','confusion accuracy');
#1676 = CONTEXT_DEPENDENT_SHAPE_REPRESENTATION(#1677,#1679);
#1677 = ( REPRESENTATION_RELATIONSHIP('','',#1520,#10)
REPRESENTATION_RELATIONSHIP_WITH_TRANSFORMATION(#1678)
SHAPE_REPRESENTATION_RELATIONSHIP() );
#1678 = ITEM_DEFINED_TRANSFORMATION('','',#11,#39);
#1679 = PRODUCT_DEFINITION_SHAPE('Placement','Placement of an item',
  #1680);
#1680 = NEXT_ASSEMBLY_USAGE_OCCURRENCE('7','TIM QC7790','',#5,#1515,$);
#1681 = PRODUCT_RELATED_PRODUCT_CATEGORY('part',$,(#1517));
#1682 = SHAPE_DEFINITION_REPRESENTATION(#1683,#1689);
#1683 = PRODUCT_DEFINITION_SHAPE('','',#1684);
#1684 = PRODUCT_DEFINITION('design','',#1685,#1688);
#1685 = PRODUCT_DEFINITION_FORMATION('','',#1686);
#1686 = PRODUCT('Heat QC7790','Heat QC7790','',(#1687));
#1687 = PRODUCT_CONTEXT('',#2,'mechanical');
#1688 = PRODUCT_DEFINITION_CONTEXT('part definition',#2,'design');
#1689 = ADVANCED_BREP_SHAPE_REPRESENTATION('',(#11,#1690),#1840);
#1690 = MANIFOLD_SOLID_BREP('',#1691);
#1691 = CLOSED_SHELL('',(#1692,#1732,#1772,#1794,#1816,#1828));
#1692 = ADVANCED_FACE('',(#1693),#1727,.F.);
#1693 = FACE_BOUND('',#1694,.F.);
#1694 = EDGE_LOOP('',(#1695,#1705,#1713,#1721));
#1695 = ORIENTED_EDGE('',*,*,#1696,.F.);
#1696 = EDGE_CURVE('',#1697,#1699,#1701,.T.);
#1697 = VERTEX_POINT('',#1698);
#1698 = CARTESIAN_POINT('',(-20.,226.,21.));
#1699 = VERTEX_POINT('',#1700);
#1700 = CARTESIAN_POINT('',(-20.,226.,23.));
#1701 = LINE('',#1702,#1703);
#1702 = CARTESIAN_POINT('',(-20.,226.,21.));
#1703 = VECTOR('',#1704,1.);
#1704 = DIRECTION('',(0.,0.,1.));
#1705 = ORIENTED_EDGE('',*,*,#1706,.T.);
#1706 = EDGE_CURVE('',#1697,#1707,#1709,.T.);
#1707 = VERTEX_POINT('',#1708);
#1708 = CARTESIAN_POINT('',(-20.,266.,21.));
#1709 = LINE('',#1710,#1711);
#1710 = CARTESIAN_POINT('',(-20.,226.,21.));
#1711 = VECTOR('',#1712,1.);
#1712 = DIRECTION('',(-0.,1.,0.));
#1713 = ORIENTED_EDGE('',*,*,#1714,.T.);
#1714 = EDGE_CURVE('',#1707,#1715,#1717,.T.);
#1715 = VERTEX_POINT('',#1716);
#1716 = CARTESIAN_POINT('',(-20.,266.,23.));
#1717 = LINE('',#1718,#1719);
#1718 = CARTESIAN_POINT('',(-20.,266.,21.));
#1719 = VECTOR('',#1720,1.);
#1720 = DIRECTION('',(0.,0.,1.));
#1721 = ORIENTED_EDGE('',*,*,#1722,.F.);
#1722 = EDGE_CURVE('',#1699,#1715,#1723,.T.);
#1723 = LINE('',#1724,#1725);
#1724 = CARTESIAN_POINT('',(-20.,226.,23.));
#1725 = VECTOR('',#1726,1.);
#1726 = DIRECTION('',(-0.,1.,0.));
#1727 = PLANE('',#1728);
#1728 = AXIS2_PLACEMENT_3D('',#1729,#1730,#1731);
#1729 = CARTESIAN_POINT('',(-20.,226.,21.));
#1730 = DIRECTION('',(1.,0.,-0.));
#1731 = DIRECTION('',(0.,0.,1.));
#1732 = ADVANCED_FACE('',(#1733),#1767,.T.);
#1733 = FACE_BOUND('',#1734,.T.);
#1734 = EDGE_LOOP('',(#1735,#1745,#1753,#1761));
#1735 = ORIENTED_EDGE('',*,*,#1736,.F.);
#1736 = EDGE_CURVE('',#1737,#1739,#1741,.T.);
#1737 = VERTEX_POINT('',#1738);
#1738 = CARTESIAN_POINT('',(20.,226.,21.));
#1739 = VERTEX_POINT('',#1740);
#1740 = CARTESIAN_POINT('',(20.,226.,23.));
#1741 = LINE('',#1742,#1743);
#1742 = CARTESIAN_POINT('',(20.,226.,21.));
#1743 = VECTOR('',#1744,1.);
#1744 = DIRECTION('',(0.,0.,1.));
#1745 = ORIENTED_EDGE('',*,*,#1746,.T.);
#1746 = EDGE_CURVE('',#1737,#1747,#1749,.T.);
#1747 = VERTEX_POINT('',#1748);
#1748 = CARTESIAN_POINT('',(20.,266.,21.));
#1749 = LINE('',#1750,#1751);
#1750 = CARTESIAN_POINT('',(20.,226.,21.));
#1751 = VECTOR('',#1752,1.);
#1752 = DIRECTION('',(-0.,1.,0.));
#1753 = ORIENTED_EDGE('',*,*,#1754,.T.);
#1754 = EDGE_CURVE('',#1747,#1755,#1757,.T.);
#1755 = VERTEX_POINT('',#1756);
#1756 = CARTESIAN_POINT('',(20.,266.,23.));
#1757 = LINE('',#1758,#1759);
#1758 = CARTESIAN_POINT('',(20.,266.,21.));
#1759 = VECTOR('',#1760,1.);
#1760 = DIRECTION('',(0.,0.,1.));
#1761 = ORIENTED_EDGE('',*,*,#1762,.F.);
#1762 = EDGE_CURVE('',#1739,#1755,#1763,.T.);
#1763 = LINE('',#1764,#1765);
#1764 = CARTESIAN_POINT('',(20.,226.,23.));
#1765 = VECTOR('',#1766,1.);
#1766 = DIRECTION('',(-0.,1.,0.));
#1767 = PLANE('',#1768);
#1768 = AXIS2_PLACEMENT_3D('',#1769,#1770,#1771);
#1769 = CARTESIAN_POINT('',(20.,226.,21.));
#1770 = DIRECTION('',(1.,0.,-0.));
#1771 = DIRECTION('',(0.,0.,1.));
#1772 = ADVANCED_FACE('',(#1773),#1789,.F.);
#1773 = FACE_BOUND('',#1774,.F.);
#1774 = EDGE_LOOP('',(#1775,#1781,#1782,#1788));
#1775 = ORIENTED_EDGE('',*,*,#1776,.F.);
#1776 = EDGE_CURVE('',#1697,#1737,#1777,.T.);
#1777 = LINE('',#1778,#1779);
#1778 = CARTESIAN_POINT('',(-20.,226.,21.));
#1779 = VECTOR('',#1780,1.);
#1780 = DIRECTION('',(1.,0.,-0.));
#1781 = ORIENTED_EDGE('',*,*,#1696,.T.);
#1782 = ORIENTED_EDGE('',*,*,#1783,.T.);
#1783 = EDGE_CURVE('',#1699,#1739,#1784,.T.);
#1784 = LINE('',#1785,#1786);
#1785 = CARTESIAN_POINT('',(-20.,226.,23.));
#1786 = VECTOR('',#1787,1.);
#1787 = DIRECTION('',(1.,0.,-0.));
#1788 = ORIENTED_EDGE('',*,*,#1736,.F.);
#1789 = PLANE('',#1790);
#1790 = AXIS2_PLACEMENT_3D('',#1791,#1792,#1793);
#1791 = CARTESIAN_POINT('',(-20.,226.,21.));
#1792 = DIRECTION('',(-0.,1.,0.));
#1793 = DIRECTION('',(0.,0.,1.));
#1794 = ADVANCED_FACE('',(#1795),#1811,.T.);
#1795 = FACE_BOUND('',#1796,.T.);
#1796 = EDGE_LOOP('',(#1797,#1803,#1804,#1810));
#1797 = ORIENTED_EDGE('',*,*,#1798,.F.);
#1798 = EDGE_CURVE('',#1707,#1747,#1799,.T.);
#1799 = LINE('',#1800,#1801);
#1800 = CARTESIAN_POINT('',(-20.,266.,21.));
#1801 = VECTOR('',#1802,1.);
#1802 = DIRECTION('',(1.,0.,-0.));
#1803 = ORIENTED_EDGE('',*,*,#1714,.T.);
#1804 = ORIENTED_EDGE('',*,*,#1805,.T.);
#1805 = EDGE_CURVE('',#1715,#1755,#1806,.T.);
#1806 = LINE('',#1807,#1808);
#1807 = CARTESIAN_POINT('',(-20.,266.,23.));
#1808 = VECTOR('',#1809,1.);
#1809 = DIRECTION('',(1.,0.,-0.));
#1810 = ORIENTED_EDGE('',*,*,#1754,.F.);
#1811 = PLANE('',#1812);
#1812 = AXIS2_PLACEMENT_3D('',#1813,#1814,#1815);
#1813 = CARTESIAN_POINT('',(-20.,266.,21.));
#1814 = DIRECTION('',(-0.,1.,0.));
#1815 = DIRECTION('',(0.,0.,1.));
#1816 = ADVANCED_FACE('',(#1817),#1823,.F.);
#1817 = FACE_BOUND('',#1818,.F.);
#1818 = EDGE_LOOP('',(#1819,#1820,#1821,#1822));
#1819 = ORIENTED_EDGE('',*,*,#1706,.F.);
#1820 = ORIENTED_EDGE('',*,*,#1776,.T.);
#1821 = ORIENTED_EDGE('',*,*,#1746,.T.);
#1822 = ORIENTED_EDGE('',*,*,#1798,.F.);
#1823 = PLANE('',#1824);
#1824 = AXIS2_PLACEMENT_3D('',#1825,#1826,#1827);
#1825 = CARTESIAN_POINT('',(-20.,226.,21.));
#1826 = DIRECTION('',(0.,0.,1.));
#1827 = DIRECTION('',(1.,0.,-0.));
#1828 = ADVANCED_FACE('',(#1829),#1835,.T.);
#1829 = FACE_BOUND('',#1830,.T.);
#1830 = EDGE_LOOP('',(#1831,#1832,#1833,#1834));
#1831 = ORIENTED_EDGE('',*,*,#1722,.F.);
#1832 = ORIENTED_EDGE('',*,*,#1783,.T.);
#1833 = ORIENTED_EDGE('',*,*,#1762,.T.);
#1834 = ORIENTED_EDGE('',*,*,#1805,.F.);
#1835 = PLANE('',#1836);
#1836 = AXIS2_PLACEMENT_3D('',#1837,#1838,#1839);
#1837 = CARTESIAN_POINT('',(-20.,226.,23.));
#1838 = DIRECTION('',(0.,0.,1.));
#1839 = DIRECTION('',(1.,0.,-0.));
#1840 = ( GEOMETRIC_REPRESENTATION_CONTEXT(3)
GLOBAL_UNCERTAINTY_ASSIGNED_CONTEXT((#1844))
GLOBAL_UNIT_ASSIGNED_CONTEXT((#1841,#1842,#1843)) REPRESENTATION_CONTEXT
('Context #1','3D Context with UNIT and UNCERTAINTY') );
#1841 = ( LENGTH_UNIT() NAMED_UNIT(*) SI_UNIT(.MILLI.,.METRE.) );
#1842 = ( NAMED_UNIT(*) PLANE_ANGLE_UNIT() SI_UNIT($,.RADIAN.) );
#1843 = ( NAMED_UNIT(*) SI_UNIT($,.STERADIAN.) SOLID_ANGLE_UNIT() );
#1844 = UNCERTAINTY_MEASURE_WITH_UNIT(LENGTH_MEASURE(1.E-07),#1841,
  'distance_accuracy_value','confusion accuracy');
#1845 = CONTEXT_DEPENDENT_SHAPE_REPRESENTATION(#1846,#1848);
#1846 = ( REPRESENTATION_RELATIONSHIP('','',#1689,#10)
REPRESENTATION_RELATIONSHIP_WITH_TRANSFORMATION(#1847)
SHAPE_REPRESENTATION_RELATIONSHIP() );
#1847 = ITEM_DEFINED_TRANSFORMATION('','',#11,#43);
#1848 = PRODUCT_DEFINITION_SHAPE('Placement','Placement of an item',
  #1849);
#1849 = NEXT_ASSEMBLY_USAGE_OCCURRENCE('8','Heat QC7790','',#5,#1684,$);
#1850 = PRODUCT_RELATED_PRODUCT_CATEGORY('part',$,(#1686));
#1851 = SHAPE_DEFINITION_REPRESENTATION(#1852,#1858);
#1852 = PRODUCT_DEFINITION_SHAPE('','',#1853);
#1853 = PRODUCT_DEFINITION('design','',#1854,#1857);
#1854 = PRODUCT_DEFINITION_FORMATION('','',#1855);
#1855 = PRODUCT('Heat Memory','Heat Memory','',(#1856));
#1856 = PRODUCT_CONTEXT('',#2,'mechanical');
#1857 = PRODUCT_DEFINITION_CONTEXT('part definition',#2,'design');
#1858 = ADVANCED_BREP_SHAPE_REPRESENTATION('',(#11,#1859),#2009);
#1859 = MANIFOLD_SOLID_BREP('',#1860);
#1860 = CLOSED_SHELL('',(#1861,#1901,#1941,#1963,#1985,#1997));
#1861 = ADVANCED_FACE('',(#1862),#1896,.F.);
#1862 = FACE_BOUND('',#1863,.F.);
#1863 = EDGE_LOOP('',(#1864,#1874,#1882,#1890));
#1864 = ORIENTED_EDGE('',*,*,#1865,.F.);
#1865 = EDGE_CURVE('',#1866,#1868,#1870,.T.);
#1866 = VERTEX_POINT('',#1867);
#1867 = CARTESIAN_POINT('',(-55.,231.,21.));
#1868 = VERTEX_POINT('',#1869);
#1869 = CARTESIAN_POINT('',(-55.,231.,23.));
#1870 = LINE('',#1871,#1872);
#1871 = CARTESIAN_POINT('',(-55.,231.,21.));
#1872 = VECTOR('',#1873,1.);
#1873 = DIRECTION('',(0.,0.,1.));
#1874 = ORIENTED_EDGE('',*,*,#1875,.T.);
#1875 = EDGE_CURVE('',#1866,#1876,#1878,.T.);
#1876 = VERTEX_POINT('',#1877);
#1877 = CARTESIAN_POINT('',(-55.,261.,21.));
#1878 = LINE('',#1879,#1880);
#1879 = CARTESIAN_POINT('',(-55.,231.,21.));
#1880 = VECTOR('',#1881,1.);
#1881 = DIRECTION('',(-0.,1.,0.));
#1882 = ORIENTED_EDGE('',*,*,#1883,.T.);
#1883 = EDGE_CURVE('',#1876,#1884,#1886,.T.);
#1884 = VERTEX_POINT('',#1885);
#1885 = CARTESIAN_POINT('',(-55.,261.,23.));
#1886 = LINE('',#1887,#1888);
#1887 = CARTESIAN_POINT('',(-55.,261.,21.));
#1888 = VECTOR('',#1889,1.);
#1889 = DIRECTION('',(0.,0.,1.));
#1890 = ORIENTED_EDGE('',*,*,#1891,.F.);
#1891 = EDGE_CURVE('',#1868,#1884,#1892,.T.);
#1892 = LINE('',#1893,#1894);
#1893 = CARTESIAN_POINT('',(-55.,231.,23.));
#1894 = VECTOR('',#1895,1.);
#1895 = DIRECTION('',(-0.,1.,0.));
#1896 = PLANE('',#1897);
#1897 = AXIS2_PLACEMENT_3D('',#1898,#1899,#1900);
#1898 = CARTESIAN_POINT('',(-55.,231.,21.));
#1899 = DIRECTION('',(1.,0.,-0.));
#1900 = DIRECTION('',(0.,0.,1.));
#1901 = ADVANCED_FACE('',(#1902),#1936,.T.);
#1902 = FACE_BOUND('',#1903,.T.);
#1903 = EDGE_LOOP('',(#1904,#1914,#1922,#1930));
#1904 = ORIENTED_EDGE('',*,*,#1905,.F.);
#1905 = EDGE_CURVE('',#1906,#1908,#1910,.T.);
#1906 = VERTEX_POINT('',#1907);
#1907 = CARTESIAN_POINT('',(-25.,231.,21.));
#1908 = VERTEX_POINT('',#1909);
#1909 = CARTESIAN_POINT('',(-25.,231.,23.));
#1910 = LINE('',#1911,#1912);
#1911 = CARTESIAN_POINT('',(-25.,231.,21.));
#1912 = VECTOR('',#1913,1.);
#1913 = DIRECTION('',(0.,0.,1.));
#1914 = ORIENTED_EDGE('',*,*,#1915,.T.);
#1915 = EDGE_CURVE('',#1906,#1916,#1918,.T.);
#1916 = VERTEX_POINT('',#1917);
#1917 = CARTESIAN_POINT('',(-25.,261.,21.));
#1918 = LINE('',#1919,#1920);
#1919 = CARTESIAN_POINT('',(-25.,231.,21.));
#1920 = VECTOR('',#1921,1.);
#1921 = DIRECTION('',(-0.,1.,0.));
#1922 = ORIENTED_EDGE('',*,*,#1923,.T.);
#1923 = EDGE_CURVE('',#1916,#1924,#1926,.T.);
#1924 = VERTEX_POINT('',#1925);
#1925 = CARTESIAN_POINT('',(-25.,261.,23.));
#1926 = LINE('',#1927,#1928);
#1927 = CARTESIAN_POINT('',(-25.,261.,21.));
#1928 = VECTOR('',#1929,1.);
#1929 = DIRECTION('',(0.,0.,1.));
#1930 = ORIENTED_EDGE('',*,*,#1931,.F.);
#1931 = EDGE_CURVE('',#1908,#1924,#1932,.T.);
#1932 = LINE('',#1933,#1934);
#1933 = CARTESIAN_POINT('',(-25.,231.,23.));
#1934 = VECTOR('',#1935,1.);
#1935 = DIRECTION('',(-0.,1.,0.));
#1936 = PLANE('',#1937);
#1937 = AXIS2_PLACEMENT_3D('',#1938,#1939,#1940);
#1938 = CARTESIAN_POINT('',(-25.,231.,21.));
#1939 = DIRECTION('',(1.,0.,-0.));
#1940 = DIRECTION('',(0.,0.,1.));
#1941 = ADVANCED_FACE('',(#1942),#1958,.F.);
#1942 = FACE_BOUND('',#1943,.F.);
#1943 = EDGE_LOOP('',(#1944,#1950,#1951,#1957));
#1944 = ORIENTED_EDGE('',*,*,#1945,.F.);
#1945 = EDGE_CURVE('',#1866,#1906,#1946,.T.);
#1946 = LINE('',#1947,#1948);
#1947 = CARTESIAN_POINT('',(-55.,231.,21.));
#1948 = VECTOR('',#1949,1.);
#1949 = DIRECTION('',(1.,0.,-0.));
#1950 = ORIENTED_EDGE('',*,*,#1865,.T.);
#1951 = ORIENTED_EDGE('',*,*,#1952,.T.);
#1952 = EDGE_CURVE('',#1868,#1908,#1953,.T.);
#1953 = LINE('',#1954,#1955);
#1954 = CARTESIAN_POINT('',(-55.,231.,23.));
#1955 = VECTOR('',#1956,1.);
#1956 = DIRECTION('',(1.,0.,-0.));
#1957 = ORIENTED_EDGE('',*,*,#1905,.F.);
#1958 = PLANE('',#1959);
#1959 = AXIS2_PLACEMENT_3D('',#1960,#1961,#1962);
#1960 = CARTESIAN_POINT('',(-55.,231.,21.));
#1961 = DIRECTION('',(-0.,1.,0.));
#1962 = DIRECTION('',(0.,0.,1.));
#1963 = ADVANCED_FACE('',(#1964),#1980,.T.);
#1964 = FACE_BOUND('',#1965,.T.);
#1965 = EDGE_LOOP('',(#1966,#1972,#1973,#1979));
#1966 = ORIENTED_EDGE('',*,*,#1967,.F.);
#1967 = EDGE_CURVE('',#1876,#1916,#1968,.T.);
#1968 = LINE('',#1969,#1970);
#1969 = CARTESIAN_POINT('',(-55.,261.,21.));
#1970 = VECTOR('',#1971,1.);
#1971 = DIRECTION('',(1.,0.,-0.));
#1972 = ORIENTED_EDGE('',*,*,#1883,.T.);
#1973 = ORIENTED_EDGE('',*,*,#1974,.T.);
#1974 = EDGE_CURVE('',#1884,#1924,#1975,.T.);
#1975 = LINE('',#1976,#1977);
#1976 = CARTESIAN_POINT('',(-55.,261.,23.));
#1977 = VECTOR('',#1978,1.);
#1978 = DIRECTION('',(1.,0.,-0.));
#1979 = ORIENTED_EDGE('',*,*,#1923,.F.);
#1980 = PLANE('',#1981);
#1981 = AXIS2_PLACEMENT_3D('',#1982,#1983,#1984);
#1982 = CARTESIAN_POINT('',(-55.,261.,21.));
#1983 = DIRECTION('',(-0.,1.,0.));
#1984 = DIRECTION('',(0.,0.,1.));
#1985 = ADVANCED_FACE('',(#1986),#1992,.F.);
#1986 = FACE_BOUND('',#1987,.F.);
#1987 = EDGE_LOOP('',(#1988,#1989,#1990,#1991));
#1988 = ORIENTED_EDGE('',*,*,#1875,.F.);
#1989 = ORIENTED_EDGE('',*,*,#1945,.T.);
#1990 = ORIENTED_EDGE('',*,*,#1915,.T.);
#1991 = ORIENTED_EDGE('',*,*,#1967,.F.);
#1992 = PLANE('',#1993);
#1993 = AXIS2_PLACEMENT_3D('',#1994,#1995,#1996);
#1994 = CARTESIAN_POINT('',(-55.,231.,21.));
#1995 = DIRECTION('',(0.,0.,1.));
#1996 = DIRECTION('',(1.,0.,-0.));
#1997 = ADVANCED_FACE('',(#1998),#2004,.T.);
#1998 = FACE_BOUND('',#1999,.T.);
#1999 = EDGE_LOOP('',(#2000,#2001,#2002,#2003));
#2000 = ORIENTED_EDGE('',*,*,#1891,.F.);
#2001 = ORIENTED_EDGE('',*,*,#1952,.T.);
#2002 = ORIENTED_EDGE('',*,*,#1931,.T.);
#2003 = ORIENTED_EDGE('',*,*,#1974,.F.);
#2004 = PLANE('',#2005);
#2005 = AXIS2_PLACEMENT_3D('',#2006,#2007,#2008);
#2006 = CARTESIAN_POINT('',(-55.,231.,23.));
#2007 = DIRECTION('',(0.,0.,1.));
#2008 = DIRECTION('',(1.,0.,-0.));
#2009 = ( GEOMETRIC_REPRESENTATION_CONTEXT(3)
GLOBAL_UNCERTAINTY_ASSIGNED_CONTEXT((#2013))
GLOBAL_UNIT_ASSIGNED_CONTEXT((#2010,#2011,#2012)) REPRESENTATION_CONTEXT
('Context #1','3D Context with UNIT and UNCERTAINTY') );
#2010 = ( LENGTH_UNIT() NAMED_UNIT(*) SI_UNIT(.MILLI.,.METRE.) );
#2011 = ( NAMED_UNIT(*) PLANE_ANGLE_UNIT() SI_UNIT($,.RADIAN.) );
#2012 = ( NAMED_UNIT(*) SI_UNIT($,.STERADIAN.) SOLID_ANGLE_UNIT() );
#2013 = UNCERTAINTY_MEASURE_WITH_UNIT(LENGTH_MEASURE(1.E-07),#2010,
  'distance_accuracy_value','confusion accuracy');
#2014 = CONTEXT_DEPENDENT_SHAPE_REPRESENTATION(#2015,#2017);
#2015 = ( REPRESENTATION_RELATIONSHIP('','',#1858,#10)
REPRESENTATION_RELATIONSHIP_WITH_TRANSFORMATION(#2016)
SHAPE_REPRESENTATION_RELATIONSHIP() );
#2016 = ITEM_DEFINED_TRANSFORMATION('','',#11,#47);
#2017 = PRODUCT_DEFINITION_SHAPE('Placement','Placement of an item',
  #2018);
#2018 = NEXT_ASSEMBLY_USAGE_OCCURRENCE('9','Heat Memory','',#5,#1853,$);
#2019 = PRODUCT_RELATED_PRODUCT_CATEGORY('part',$,(#1855));
#2020 = SHAPE_DEFINITION_REPRESENTATION(#2021,#2027);
#2021 = PRODUCT_DEFINITION_SHAPE('','',#2022);
#2022 = PRODUCT_DEFINITION('design','',#2023,#2026);
#2023 = PRODUCT_DEFINITION_FORMATION('','',#2024);
#2024 = PRODUCT('Heat Carrier PMIC','Heat Carrier PMIC','',(#2025));
#2025 = PRODUCT_CONTEXT('',#2,'mechanical');
#2026 = PRODUCT_DEFINITION_CONTEXT('part definition',#2,'design');
#2027 = ADVANCED_BREP_SHAPE_REPRESENTATION('',(#11,#2028),#2178);
#2028 = MANIFOLD_SOLID_BREP('',#2029);
#2029 = CLOSED_SHELL('',(#2030,#2070,#2110,#2132,#2154,#2166));
#2030 = ADVANCED_FACE('',(#2031),#2065,.F.);
#2031 = FACE_BOUND('',#2032,.F.);
#2032 = EDGE_LOOP('',(#2033,#2043,#2051,#2059));
#2033 = ORIENTED_EDGE('',*,*,#2034,.F.);
#2034 = EDGE_CURVE('',#2035,#2037,#2039,.T.);
#2035 = VERTEX_POINT('',#2036);
#2036 = CARTESIAN_POINT('',(25.,231.,21.));
#2037 = VERTEX_POINT('',#2038);
#2038 = CARTESIAN_POINT('',(25.,231.,23.));
#2039 = LINE('',#2040,#2041);
#2040 = CARTESIAN_POINT('',(25.,231.,21.));
#2041 = VECTOR('',#2042,1.);
#2042 = DIRECTION('',(0.,0.,1.));
#2043 = ORIENTED_EDGE('',*,*,#2044,.T.);
#2044 = EDGE_CURVE('',#2035,#2045,#2047,.T.);
#2045 = VERTEX_POINT('',#2046);
#2046 = CARTESIAN_POINT('',(25.,261.,21.));
#2047 = LINE('',#2048,#2049);
#2048 = CARTESIAN_POINT('',(25.,231.,21.));
#2049 = VECTOR('',#2050,1.);
#2050 = DIRECTION('',(-0.,1.,0.));
#2051 = ORIENTED_EDGE('',*,*,#2052,.T.);
#2052 = EDGE_CURVE('',#2045,#2053,#2055,.T.);
#2053 = VERTEX_POINT('',#2054);
#2054 = CARTESIAN_POINT('',(25.,261.,23.));
#2055 = LINE('',#2056,#2057);
#2056 = CARTESIAN_POINT('',(25.,261.,21.));
#2057 = VECTOR('',#2058,1.);
#2058 = DIRECTION('',(0.,0.,1.));
#2059 = ORIENTED_EDGE('',*,*,#2060,.F.);
#2060 = EDGE_CURVE('',#2037,#2053,#2061,.T.);
#2061 = LINE('',#2062,#2063);
#2062 = CARTESIAN_POINT('',(25.,231.,23.));
#2063 = VECTOR('',#2064,1.);
#2064 = DIRECTION('',(-0.,1.,0.));
#2065 = PLANE('',#2066);
#2066 = AXIS2_PLACEMENT_3D('',#2067,#2068,#2069);
#2067 = CARTESIAN_POINT('',(25.,231.,21.));
#2068 = DIRECTION('',(1.,0.,-0.));
#2069 = DIRECTION('',(0.,0.,1.));
#2070 = ADVANCED_FACE('',(#2071),#2105,.T.);
#2071 = FACE_BOUND('',#2072,.T.);
#2072 = EDGE_LOOP('',(#2073,#2083,#2091,#2099));
#2073 = ORIENTED_EDGE('',*,*,#2074,.F.);
#2074 = EDGE_CURVE('',#2075,#2077,#2079,.T.);
#2075 = VERTEX_POINT('',#2076);
#2076 = CARTESIAN_POINT('',(55.,231.,21.));
#2077 = VERTEX_POINT('',#2078);
#2078 = CARTESIAN_POINT('',(55.,231.,23.));
#2079 = LINE('',#2080,#2081);
#2080 = CARTESIAN_POINT('',(55.,231.,21.));
#2081 = VECTOR('',#2082,1.);
#2082 = DIRECTION('',(0.,0.,1.));
#2083 = ORIENTED_EDGE('',*,*,#2084,.T.);
#2084 = EDGE_CURVE('',#2075,#2085,#2087,.T.);
#2085 = VERTEX_POINT('',#2086);
#2086 = CARTESIAN_POINT('',(55.,261.,21.));
#2087 = LINE('',#2088,#2089);
#2088 = CARTESIAN_POINT('',(55.,231.,21.));
#2089 = VECTOR('',#2090,1.);
#2090 = DIRECTION('',(-0.,1.,0.));
#2091 = ORIENTED_EDGE('',*,*,#2092,.T.);
#2092 = EDGE_CURVE('',#2085,#2093,#2095,.T.);
#2093 = VERTEX_POINT('',#2094);
#2094 = CARTESIAN_POINT('',(55.,261.,23.));
#2095 = LINE('',#2096,#2097);
#2096 = CARTESIAN_POINT('',(55.,261.,21.));
#2097 = VECTOR('',#2098,1.);
#2098 = DIRECTION('',(0.,0.,1.));
#2099 = ORIENTED_EDGE('',*,*,#2100,.F.);
#2100 = EDGE_CURVE('',#2077,#2093,#2101,.T.);
#2101 = LINE('',#2102,#2103);
#2102 = CARTESIAN_POINT('',(55.,231.,23.));
#2103 = VECTOR('',#2104,1.);
#2104 = DIRECTION('',(-0.,1.,0.));
#2105 = PLANE('',#2106);
#2106 = AXIS2_PLACEMENT_3D('',#2107,#2108,#2109);
#2107 = CARTESIAN_POINT('',(55.,231.,21.));
#2108 = DIRECTION('',(1.,0.,-0.));
#2109 = DIRECTION('',(0.,0.,1.));
#2110 = ADVANCED_FACE('',(#2111),#2127,.F.);
#2111 = FACE_BOUND('',#2112,.F.);
#2112 = EDGE_LOOP('',(#2113,#2119,#2120,#2126));
#2113 = ORIENTED_EDGE('',*,*,#2114,.F.);
#2114 = EDGE_CURVE('',#2035,#2075,#2115,.T.);
#2115 = LINE('',#2116,#2117);
#2116 = CARTESIAN_POINT('',(25.,231.,21.));
#2117 = VECTOR('',#2118,1.);
#2118 = DIRECTION('',(1.,0.,-0.));
#2119 = ORIENTED_EDGE('',*,*,#2034,.T.);
#2120 = ORIENTED_EDGE('',*,*,#2121,.T.);
#2121 = EDGE_CURVE('',#2037,#2077,#2122,.T.);
#2122 = LINE('',#2123,#2124);
#2123 = CARTESIAN_POINT('',(25.,231.,23.));
#2124 = VECTOR('',#2125,1.);
#2125 = DIRECTION('',(1.,0.,-0.));
#2126 = ORIENTED_EDGE('',*,*,#2074,.F.);
#2127 = PLANE('',#2128);
#2128 = AXIS2_PLACEMENT_3D('',#2129,#2130,#2131);
#2129 = CARTESIAN_POINT('',(25.,231.,21.));
#2130 = DIRECTION('',(-0.,1.,0.));
#2131 = DIRECTION('',(0.,0.,1.));
#2132 = ADVANCED_FACE('',(#2133),#2149,.T.);
#2133 = FACE_BOUND('',#2134,.T.);
#2134 = EDGE_LOOP('',(#2135,#2141,#2142,#2148));
#2135 = ORIENTED_EDGE('',*,*,#2136,.F.);
#2136 = EDGE_CURVE('',#2045,#2085,#2137,.T.);
#2137 = LINE('',#2138,#2139);
#2138 = CARTESIAN_POINT('',(25.,261.,21.));
#2139 = VECTOR('',#2140,1.);
#2140 = DIRECTION('',(1.,0.,-0.));
#2141 = ORIENTED_EDGE('',*,*,#2052,.T.);
#2142 = ORIENTED_EDGE('',*,*,#2143,.T.);
#2143 = EDGE_CURVE('',#2053,#2093,#2144,.T.);
#2144 = LINE('',#2145,#2146);
#2145 = CARTESIAN_POINT('',(25.,261.,23.));
#2146 = VECTOR('',#2147,1.);
#2147 = DIRECTION('',(1.,0.,-0.));
#2148 = ORIENTED_EDGE('',*,*,#2092,.F.);
#2149 = PLANE('',#2150);
#2150 = AXIS2_PLACEMENT_3D('',#2151,#2152,#2153);
#2151 = CARTESIAN_POINT('',(25.,261.,21.));
#2152 = DIRECTION('',(-0.,1.,0.));
#2153 = DIRECTION('',(0.,0.,1.));
#2154 = ADVANCED_FACE('',(#2155),#2161,.F.);
#2155 = FACE_BOUND('',#2156,.F.);
#2156 = EDGE_LOOP('',(#2157,#2158,#2159,#2160));
#2157 = ORIENTED_EDGE('',*,*,#2044,.F.);
#2158 = ORIENTED_EDGE('',*,*,#2114,.T.);
#2159 = ORIENTED_EDGE('',*,*,#2084,.T.);
#2160 = ORIENTED_EDGE('',*,*,#2136,.F.);
#2161 = PLANE('',#2162);
#2162 = AXIS2_PLACEMENT_3D('',#2163,#2164,#2165);
#2163 = CARTESIAN_POINT('',(25.,231.,21.));
#2164 = DIRECTION('',(0.,0.,1.));
#2165 = DIRECTION('',(1.,0.,-0.));
#2166 = ADVANCED_FACE('',(#2167),#2173,.T.);
#2167 = FACE_BOUND('',#2168,.T.);
#2168 = EDGE_LOOP('',(#2169,#2170,#2171,#2172));
#2169 = ORIENTED_EDGE('',*,*,#2060,.F.);
#2170 = ORIENTED_EDGE('',*,*,#2121,.T.);
#2171 = ORIENTED_EDGE('',*,*,#2100,.T.);
#2172 = ORIENTED_EDGE('',*,*,#2143,.F.);
#2173 = PLANE('',#2174);
#2174 = AXIS2_PLACEMENT_3D('',#2175,#2176,#2177);
#2175 = CARTESIAN_POINT('',(25.,231.,23.));
#2176 = DIRECTION('',(0.,0.,1.));
#2177 = DIRECTION('',(1.,0.,-0.));
#2178 = ( GEOMETRIC_REPRESENTATION_CONTEXT(3)
GLOBAL_UNCERTAINTY_ASSIGNED_CONTEXT((#2182))
GLOBAL_UNIT_ASSIGNED_CONTEXT((#2179,#2180,#2181)) REPRESENTATION_CONTEXT
('Context #1','3D Context with UNIT and UNCERTAINTY') );
#2179 = ( LENGTH_UNIT() NAMED_UNIT(*) SI_UNIT(.MILLI.,.METRE.) );
#2180 = ( NAMED_UNIT(*) PLANE_ANGLE_UNIT() SI_UNIT($,.RADIAN.) );
#2181 = ( NAMED_UNIT(*) SI_UNIT($,.STERADIAN.) SOLID_ANGLE_UNIT() );
#2182 = UNCERTAINTY_MEASURE_WITH_UNIT(LENGTH_MEASURE(1.E-07),#2179,
  'distance_accuracy_value','confusion accuracy');
#2183 = CONTEXT_DEPENDENT_SHAPE_REPRESENTATION(#2184,#2186);
#2184 = ( REPRESENTATION_RELATIONSHIP('','',#2027,#10)
REPRESENTATION_RELATIONSHIP_WITH_TRANSFORMATION(#2185)
SHAPE_REPRESENTATION_RELATIONSHIP() );
#2185 = ITEM_DEFINED_TRANSFORMATION('','',#11,#51);
#2186 = PRODUCT_DEFINITION_SHAPE('Placement','Placement of an item',
  #2187);
#2187 = NEXT_ASSEMBLY_USAGE_OCCURRENCE('10','Heat Carrier PMIC','',#5,
  #2022,$);
#2188 = PRODUCT_RELATED_PRODUCT_CATEGORY('part',$,(#2024));
#2189 = SHAPE_DEFINITION_REPRESENTATION(#2190,#2196);
#2190 = PRODUCT_DEFINITION_SHAPE('','',#2191);
#2191 = PRODUCT_DEFINITION('design','',#2192,#2195);
#2192 = PRODUCT_DEFINITION_FORMATION('','',#2193);
#2193 = PRODUCT('Heat IO','Heat IO','',(#2194));
#2194 = PRODUCT_CONTEXT('',#2,'mechanical');
#2195 = PRODUCT_DEFINITION_CONTEXT('part definition',#2,'design');
#2196 = ADVANCED_BREP_SHAPE_REPRESENTATION('',(#11,#2197),#2347);
#2197 = MANIFOLD_SOLID_BREP('',#2198);
#2198 = CLOSED_SHELL('',(#2199,#2239,#2279,#2301,#2323,#2335));
#2199 = ADVANCED_FACE('',(#2200),#2234,.F.);
#2200 = FACE_BOUND('',#2201,.F.);
#2201 = EDGE_LOOP('',(#2202,#2212,#2220,#2228));
#2202 = ORIENTED_EDGE('',*,*,#2203,.F.);
#2203 = EDGE_CURVE('',#2204,#2206,#2208,.T.);
#2204 = VERTEX_POINT('',#2205);
#2205 = CARTESIAN_POINT('',(230.,50.,38.));
#2206 = VERTEX_POINT('',#2207);
#2207 = CARTESIAN_POINT('',(230.,50.,43.));
#2208 = LINE('',#2209,#2210);
#2209 = CARTESIAN_POINT('',(230.,50.,38.));
#2210 = VECTOR('',#2211,1.);
#2211 = DIRECTION('',(0.,0.,1.));
#2212 = ORIENTED_EDGE('',*,*,#2213,.T.);
#2213 = EDGE_CURVE('',#2204,#2214,#2216,.T.);
#2214 = VERTEX_POINT('',#2215);
#2215 = CARTESIAN_POINT('',(230.,80.,38.));
#2216 = LINE('',#2217,#2218);
#2217 = CARTESIAN_POINT('',(230.,50.,38.));
#2218 = VECTOR('',#2219,1.);
#2219 = DIRECTION('',(-0.,1.,0.));
#2220 = ORIENTED_EDGE('',*,*,#2221,.T.);
#2221 = EDGE_CURVE('',#2214,#2222,#2224,.T.);
#2222 = VERTEX_POINT('',#2223);
#2223 = CARTESIAN_POINT('',(230.,80.,43.));
#2224 = LINE('',#2225,#2226);
#2225 = CARTESIAN_POINT('',(230.,80.,38.));
#2226 = VECTOR('',#2227,1.);
#2227 = DIRECTION('',(0.,0.,1.));
#2228 = ORIENTED_EDGE('',*,*,#2229,.F.);
#2229 = EDGE_CURVE('',#2206,#2222,#2230,.T.);
#2230 = LINE('',#2231,#2232);
#2231 = CARTESIAN_POINT('',(230.,50.,43.));
#2232 = VECTOR('',#2233,1.);
#2233 = DIRECTION('',(-0.,1.,0.));
#2234 = PLANE('',#2235);
#2235 = AXIS2_PLACEMENT_3D('',#2236,#2237,#2238);
#2236 = CARTESIAN_POINT('',(230.,50.,38.));
#2237 = DIRECTION('',(1.,0.,-0.));
#2238 = DIRECTION('',(0.,0.,1.));
#2239 = ADVANCED_FACE('',(#2240),#2274,.T.);
#2240 = FACE_BOUND('',#2241,.T.);
#2241 = EDGE_LOOP('',(#2242,#2252,#2260,#2268));
#2242 = ORIENTED_EDGE('',*,*,#2243,.F.);
#2243 = EDGE_CURVE('',#2244,#2246,#2248,.T.);
#2244 = VERTEX_POINT('',#2245);
#2245 = CARTESIAN_POINT('',(275.,50.,38.));
#2246 = VERTEX_POINT('',#2247);
#2247 = CARTESIAN_POINT('',(275.,50.,43.));
#2248 = LINE('',#2249,#2250);
#2249 = CARTESIAN_POINT('',(275.,50.,38.));
#2250 = VECTOR('',#2251,1.);
#2251 = DIRECTION('',(0.,0.,1.));
#2252 = ORIENTED_EDGE('',*,*,#2253,.T.);
#2253 = EDGE_CURVE('',#2244,#2254,#2256,.T.);
#2254 = VERTEX_POINT('',#2255);
#2255 = CARTESIAN_POINT('',(275.,80.,38.));
#2256 = LINE('',#2257,#2258);
#2257 = CARTESIAN_POINT('',(275.,50.,38.));
#2258 = VECTOR('',#2259,1.);
#2259 = DIRECTION('',(-0.,1.,0.));
#2260 = ORIENTED_EDGE('',*,*,#2261,.T.);
#2261 = EDGE_CURVE('',#2254,#2262,#2264,.T.);
#2262 = VERTEX_POINT('',#2263);
#2263 = CARTESIAN_POINT('',(275.,80.,43.));
#2264 = LINE('',#2265,#2266);
#2265 = CARTESIAN_POINT('',(275.,80.,38.));
#2266 = VECTOR('',#2267,1.);
#2267 = DIRECTION('',(0.,0.,1.));
#2268 = ORIENTED_EDGE('',*,*,#2269,.F.);
#2269 = EDGE_CURVE('',#2246,#2262,#2270,.T.);
#2270 = LINE('',#2271,#2272);
#2271 = CARTESIAN_POINT('',(275.,50.,43.));
#2272 = VECTOR('',#2273,1.);
#2273 = DIRECTION('',(-0.,1.,0.));
#2274 = PLANE('',#2275);
#2275 = AXIS2_PLACEMENT_3D('',#2276,#2277,#2278);
#2276 = CARTESIAN_POINT('',(275.,50.,38.));
#2277 = DIRECTION('',(1.,0.,-0.));
#2278 = DIRECTION('',(0.,0.,1.));
#2279 = ADVANCED_FACE('',(#2280),#2296,.F.);
#2280 = FACE_BOUND('',#2281,.F.);
#2281 = EDGE_LOOP('',(#2282,#2288,#2289,#2295));
#2282 = ORIENTED_EDGE('',*,*,#2283,.F.);
#2283 = EDGE_CURVE('',#2204,#2244,#2284,.T.);
#2284 = LINE('',#2285,#2286);
#2285 = CARTESIAN_POINT('',(230.,50.,38.));
#2286 = VECTOR('',#2287,1.);
#2287 = DIRECTION('',(1.,0.,-0.));
#2288 = ORIENTED_EDGE('',*,*,#2203,.T.);
#2289 = ORIENTED_EDGE('',*,*,#2290,.T.);
#2290 = EDGE_CURVE('',#2206,#2246,#2291,.T.);
#2291 = LINE('',#2292,#2293);
#2292 = CARTESIAN_POINT('',(230.,50.,43.));
#2293 = VECTOR('',#2294,1.);
#2294 = DIRECTION('',(1.,0.,-0.));
#2295 = ORIENTED_EDGE('',*,*,#2243,.F.);
#2296 = PLANE('',#2297);
#2297 = AXIS2_PLACEMENT_3D('',#2298,#2299,#2300);
#2298 = CARTESIAN_POINT('',(230.,50.,38.));
#2299 = DIRECTION('',(-0.,1.,0.));
#2300 = DIRECTION('',(0.,0.,1.));
#2301 = ADVANCED_FACE('',(#2302),#2318,.T.);
#2302 = FACE_BOUND('',#2303,.T.);
#2303 = EDGE_LOOP('',(#2304,#2310,#2311,#2317));
#2304 = ORIENTED_EDGE('',*,*,#2305,.F.);
#2305 = EDGE_CURVE('',#2214,#2254,#2306,.T.);
#2306 = LINE('',#2307,#2308);
#2307 = CARTESIAN_POINT('',(230.,80.,38.));
#2308 = VECTOR('',#2309,1.);
#2309 = DIRECTION('',(1.,0.,-0.));
#2310 = ORIENTED_EDGE('',*,*,#2221,.T.);
#2311 = ORIENTED_EDGE('',*,*,#2312,.T.);
#2312 = EDGE_CURVE('',#2222,#2262,#2313,.T.);
#2313 = LINE('',#2314,#2315);
#2314 = CARTESIAN_POINT('',(230.,80.,43.));
#2315 = VECTOR('',#2316,1.);
#2316 = DIRECTION('',(1.,0.,-0.));
#2317 = ORIENTED_EDGE('',*,*,#2261,.F.);
#2318 = PLANE('',#2319);
#2319 = AXIS2_PLACEMENT_3D('',#2320,#2321,#2322);
#2320 = CARTESIAN_POINT('',(230.,80.,38.));
#2321 = DIRECTION('',(-0.,1.,0.));
#2322 = DIRECTION('',(0.,0.,1.));
#2323 = ADVANCED_FACE('',(#2324),#2330,.F.);
#2324 = FACE_BOUND('',#2325,.F.);
#2325 = EDGE_LOOP('',(#2326,#2327,#2328,#2329));
#2326 = ORIENTED_EDGE('',*,*,#2213,.F.);
#2327 = ORIENTED_EDGE('',*,*,#2283,.T.);
#2328 = ORIENTED_EDGE('',*,*,#2253,.T.);
#2329 = ORIENTED_EDGE('',*,*,#2305,.F.);
#2330 = PLANE('',#2331);
#2331 = AXIS2_PLACEMENT_3D('',#2332,#2333,#2334);
#2332 = CARTESIAN_POINT('',(230.,50.,38.));
#2333 = DIRECTION('',(0.,0.,1.));
#2334 = DIRECTION('',(1.,0.,-0.));
#2335 = ADVANCED_FACE('',(#2336),#2342,.T.);
#2336 = FACE_BOUND('',#2337,.T.);
#2337 = EDGE_LOOP('',(#2338,#2339,#2340,#2341));
#2338 = ORIENTED_EDGE('',*,*,#2229,.F.);
#2339 = ORIENTED_EDGE('',*,*,#2290,.T.);
#2340 = ORIENTED_EDGE('',*,*,#2269,.T.);
#2341 = ORIENTED_EDGE('',*,*,#2312,.F.);
#2342 = PLANE('',#2343);
#2343 = AXIS2_PLACEMENT_3D('',#2344,#2345,#2346);
#2344 = CARTESIAN_POINT('',(230.,50.,43.));
#2345 = DIRECTION('',(0.,0.,1.));
#2346 = DIRECTION('',(1.,0.,-0.));
#2347 = ( GEOMETRIC_REPRESENTATION_CONTEXT(3)
GLOBAL_UNCERTAINTY_ASSIGNED_CONTEXT((#2351))
GLOBAL_UNIT_ASSIGNED_CONTEXT((#2348,#2349,#2350)) REPRESENTATION_CONTEXT
('Context #1','3D Context with UNIT and UNCERTAINTY') );
#2348 = ( LENGTH_UNIT() NAMED_UNIT(*) SI_UNIT(.MILLI.,.METRE.) );
#2349 = ( NAMED_UNIT(*) PLANE_ANGLE_UNIT() SI_UNIT($,.RADIAN.) );
#2350 = ( NAMED_UNIT(*) SI_UNIT($,.STERADIAN.) SOLID_ANGLE_UNIT() );
#2351 = UNCERTAINTY_MEASURE_WITH_UNIT(LENGTH_MEASURE(1.E-07),#2348,
  'distance_accuracy_value','confusion accuracy');
#2352 = CONTEXT_DEPENDENT_SHAPE_REPRESENTATION(#2353,#2355);
#2353 = ( REPRESENTATION_RELATIONSHIP('','',#2196,#10)
REPRESENTATION_RELATIONSHIP_WITH_TRANSFORMATION(#2354)
SHAPE_REPRESENTATION_RELATIONSHIP() );
#2354 = ITEM_DEFINED_TRANSFORMATION('','',#11,#55);
#2355 = PRODUCT_DEFINITION_SHAPE('Placement','Placement of an item',
  #2356);
#2356 = NEXT_ASSEMBLY_USAGE_OCCURRENCE('11','Heat IO','',#5,#2191,$);
#2357 = PRODUCT_RELATED_PRODUCT_CATEGORY('part',$,(#2193));
#2358 = SHAPE_DEFINITION_REPRESENTATION(#2359,#2365);
#2359 = PRODUCT_DEFINITION_SHAPE('','',#2360);
#2360 = PRODUCT_DEFINITION('design','',#2361,#2364);
#2361 = PRODUCT_DEFINITION_FORMATION('','',#2362);
#2362 = PRODUCT('Heat WiFi BLE','Heat WiFi BLE','',(#2363));
#2363 = PRODUCT_CONTEXT('',#2,'mechanical');
#2364 = PRODUCT_DEFINITION_CONTEXT('part definition',#2,'design');
#2365 = ADVANCED_BREP_SHAPE_REPRESENTATION('',(#11,#2366),#2516);
#2366 = MANIFOLD_SOLID_BREP('',#2367);
#2367 = CLOSED_SHELL('',(#2368,#2408,#2448,#2470,#2492,#2504));
#2368 = ADVANCED_FACE('',(#2369),#2403,.F.);
#2369 = FACE_BOUND('',#2370,.F.);
#2370 = EDGE_LOOP('',(#2371,#2381,#2389,#2397));
#2371 = ORIENTED_EDGE('',*,*,#2372,.F.);
#2372 = EDGE_CURVE('',#2373,#2375,#2377,.T.);
#2373 = VERTEX_POINT('',#2374);
#2374 = CARTESIAN_POINT('',(-320.,410.,35.));
#2375 = VERTEX_POINT('',#2376);
#2376 = CARTESIAN_POINT('',(-320.,410.,40.));
#2377 = LINE('',#2378,#2379);
#2378 = CARTESIAN_POINT('',(-320.,410.,35.));
#2379 = VECTOR('',#2380,1.);
#2380 = DIRECTION('',(0.,0.,1.));
#2381 = ORIENTED_EDGE('',*,*,#2382,.T.);
#2382 = EDGE_CURVE('',#2373,#2383,#2385,.T.);
#2383 = VERTEX_POINT('',#2384);
#2384 = CARTESIAN_POINT('',(-320.,440.,35.));
#2385 = LINE('',#2386,#2387);
#2386 = CARTESIAN_POINT('',(-320.,410.,35.));
#2387 = VECTOR('',#2388,1.);
#2388 = DIRECTION('',(-0.,1.,0.));
#2389 = ORIENTED_EDGE('',*,*,#2390,.T.);
#2390 = EDGE_CURVE('',#2383,#2391,#2393,.T.);
#2391 = VERTEX_POINT('',#2392);
#2392 = CARTESIAN_POINT('',(-320.,440.,40.));
#2393 = LINE('',#2394,#2395);
#2394 = CARTESIAN_POINT('',(-320.,440.,35.));
#2395 = VECTOR('',#2396,1.);
#2396 = DIRECTION('',(0.,0.,1.));
#2397 = ORIENTED_EDGE('',*,*,#2398,.F.);
#2398 = EDGE_CURVE('',#2375,#2391,#2399,.T.);
#2399 = LINE('',#2400,#2401);
#2400 = CARTESIAN_POINT('',(-320.,410.,40.));
#2401 = VECTOR('',#2402,1.);
#2402 = DIRECTION('',(-0.,1.,0.));
#2403 = PLANE('',#2404);
#2404 = AXIS2_PLACEMENT_3D('',#2405,#2406,#2407);
#2405 = CARTESIAN_POINT('',(-320.,410.,35.));
#2406 = DIRECTION('',(1.,0.,-0.));
#2407 = DIRECTION('',(0.,0.,1.));
#2408 = ADVANCED_FACE('',(#2409),#2443,.T.);
#2409 = FACE_BOUND('',#2410,.T.);
#2410 = EDGE_LOOP('',(#2411,#2421,#2429,#2437));
#2411 = ORIENTED_EDGE('',*,*,#2412,.F.);
#2412 = EDGE_CURVE('',#2413,#2415,#2417,.T.);
#2413 = VERTEX_POINT('',#2414);
#2414 = CARTESIAN_POINT('',(-285.,410.,35.));
#2415 = VERTEX_POINT('',#2416);
#2416 = CARTESIAN_POINT('',(-285.,410.,40.));
#2417 = LINE('',#2418,#2419);
#2418 = CARTESIAN_POINT('',(-285.,410.,35.));
#2419 = VECTOR('',#2420,1.);
#2420 = DIRECTION('',(0.,0.,1.));
#2421 = ORIENTED_EDGE('',*,*,#2422,.T.);
#2422 = EDGE_CURVE('',#2413,#2423,#2425,.T.);
#2423 = VERTEX_POINT('',#2424);
#2424 = CARTESIAN_POINT('',(-285.,440.,35.));
#2425 = LINE('',#2426,#2427);
#2426 = CARTESIAN_POINT('',(-285.,410.,35.));
#2427 = VECTOR('',#2428,1.);
#2428 = DIRECTION('',(-0.,1.,0.));
#2429 = ORIENTED_EDGE('',*,*,#2430,.T.);
#2430 = EDGE_CURVE('',#2423,#2431,#2433,.T.);
#2431 = VERTEX_POINT('',#2432);
#2432 = CARTESIAN_POINT('',(-285.,440.,40.));
#2433 = LINE('',#2434,#2435);
#2434 = CARTESIAN_POINT('',(-285.,440.,35.));
#2435 = VECTOR('',#2436,1.);
#2436 = DIRECTION('',(0.,0.,1.));
#2437 = ORIENTED_EDGE('',*,*,#2438,.F.);
#2438 = EDGE_CURVE('',#2415,#2431,#2439,.T.);
#2439 = LINE('',#2440,#2441);
#2440 = CARTESIAN_POINT('',(-285.,410.,40.));
#2441 = VECTOR('',#2442,1.);
#2442 = DIRECTION('',(-0.,1.,0.));
#2443 = PLANE('',#2444);
#2444 = AXIS2_PLACEMENT_3D('',#2445,#2446,#2447);
#2445 = CARTESIAN_POINT('',(-285.,410.,35.));
#2446 = DIRECTION('',(1.,0.,-0.));
#2447 = DIRECTION('',(0.,0.,1.));
#2448 = ADVANCED_FACE('',(#2449),#2465,.F.);
#2449 = FACE_BOUND('',#2450,.F.);
#2450 = EDGE_LOOP('',(#2451,#2457,#2458,#2464));
#2451 = ORIENTED_EDGE('',*,*,#2452,.F.);
#2452 = EDGE_CURVE('',#2373,#2413,#2453,.T.);
#2453 = LINE('',#2454,#2455);
#2454 = CARTESIAN_POINT('',(-320.,410.,35.));
#2455 = VECTOR('',#2456,1.);
#2456 = DIRECTION('',(1.,0.,-0.));
#2457 = ORIENTED_EDGE('',*,*,#2372,.T.);
#2458 = ORIENTED_EDGE('',*,*,#2459,.T.);
#2459 = EDGE_CURVE('',#2375,#2415,#2460,.T.);
#2460 = LINE('',#2461,#2462);
#2461 = CARTESIAN_POINT('',(-320.,410.,40.));
#2462 = VECTOR('',#2463,1.);
#2463 = DIRECTION('',(1.,0.,-0.));
#2464 = ORIENTED_EDGE('',*,*,#2412,.F.);
#2465 = PLANE('',#2466);
#2466 = AXIS2_PLACEMENT_3D('',#2467,#2468,#2469);
#2467 = CARTESIAN_POINT('',(-320.,410.,35.));
#2468 = DIRECTION('',(-0.,1.,0.));
#2469 = DIRECTION('',(0.,0.,1.));
#2470 = ADVANCED_FACE('',(#2471),#2487,.T.);
#2471 = FACE_BOUND('',#2472,.T.);
#2472 = EDGE_LOOP('',(#2473,#2479,#2480,#2486));
#2473 = ORIENTED_EDGE('',*,*,#2474,.F.);
#2474 = EDGE_CURVE('',#2383,#2423,#2475,.T.);
#2475 = LINE('',#2476,#2477);
#2476 = CARTESIAN_POINT('',(-320.,440.,35.));
#2477 = VECTOR('',#2478,1.);
#2478 = DIRECTION('',(1.,0.,-0.));
#2479 = ORIENTED_EDGE('',*,*,#2390,.T.);
#2480 = ORIENTED_EDGE('',*,*,#2481,.T.);
#2481 = EDGE_CURVE('',#2391,#2431,#2482,.T.);
#2482 = LINE('',#2483,#2484);
#2483 = CARTESIAN_POINT('',(-320.,440.,40.));
#2484 = VECTOR('',#2485,1.);
#2485 = DIRECTION('',(1.,0.,-0.));
#2486 = ORIENTED_EDGE('',*,*,#2430,.F.);
#2487 = PLANE('',#2488);
#2488 = AXIS2_PLACEMENT_3D('',#2489,#2490,#2491);
#2489 = CARTESIAN_POINT('',(-320.,440.,35.));
#2490 = DIRECTION('',(-0.,1.,0.));
#2491 = DIRECTION('',(0.,0.,1.));
#2492 = ADVANCED_FACE('',(#2493),#2499,.F.);
#2493 = FACE_BOUND('',#2494,.F.);
#2494 = EDGE_LOOP('',(#2495,#2496,#2497,#2498));
#2495 = ORIENTED_EDGE('',*,*,#2382,.F.);
#2496 = ORIENTED_EDGE('',*,*,#2452,.T.);
#2497 = ORIENTED_EDGE('',*,*,#2422,.T.);
#2498 = ORIENTED_EDGE('',*,*,#2474,.F.);
#2499 = PLANE('',#2500);
#2500 = AXIS2_PLACEMENT_3D('',#2501,#2502,#2503);
#2501 = CARTESIAN_POINT('',(-320.,410.,35.));
#2502 = DIRECTION('',(0.,0.,1.));
#2503 = DIRECTION('',(1.,0.,-0.));
#2504 = ADVANCED_FACE('',(#2505),#2511,.T.);
#2505 = FACE_BOUND('',#2506,.T.);
#2506 = EDGE_LOOP('',(#2507,#2508,#2509,#2510));
#2507 = ORIENTED_EDGE('',*,*,#2398,.F.);
#2508 = ORIENTED_EDGE('',*,*,#2459,.T.);
#2509 = ORIENTED_EDGE('',*,*,#2438,.T.);
#2510 = ORIENTED_EDGE('',*,*,#2481,.F.);
#2511 = PLANE('',#2512);
#2512 = AXIS2_PLACEMENT_3D('',#2513,#2514,#2515);
#2513 = CARTESIAN_POINT('',(-320.,410.,40.));
#2514 = DIRECTION('',(0.,0.,1.));
#2515 = DIRECTION('',(1.,0.,-0.));
#2516 = ( GEOMETRIC_REPRESENTATION_CONTEXT(3)
GLOBAL_UNCERTAINTY_ASSIGNED_CONTEXT((#2520))
GLOBAL_UNIT_ASSIGNED_CONTEXT((#2517,#2518,#2519)) REPRESENTATION_CONTEXT
('Context #1','3D Context with UNIT and UNCERTAINTY') );
#2517 = ( LENGTH_UNIT() NAMED_UNIT(*) SI_UNIT(.MILLI.,.METRE.) );
#2518 = ( NAMED_UNIT(*) PLANE_ANGLE_UNIT() SI_UNIT($,.RADIAN.) );
#2519 = ( NAMED_UNIT(*) SI_UNIT($,.STERADIAN.) SOLID_ANGLE_UNIT() );
#2520 = UNCERTAINTY_MEASURE_WITH_UNIT(LENGTH_MEASURE(1.E-07),#2517,
  'distance_accuracy_value','confusion accuracy');
#2521 = CONTEXT_DEPENDENT_SHAPE_REPRESENTATION(#2522,#2524);
#2522 = ( REPRESENTATION_RELATIONSHIP('','',#2365,#10)
REPRESENTATION_RELATIONSHIP_WITH_TRANSFORMATION(#2523)
SHAPE_REPRESENTATION_RELATIONSHIP() );
#2523 = ITEM_DEFINED_TRANSFORMATION('','',#11,#59);
#2524 = PRODUCT_DEFINITION_SHAPE('Placement','Placement of an item',
  #2525);
#2525 = NEXT_ASSEMBLY_USAGE_OCCURRENCE('12','Heat WiFi BLE','',#5,#2360,
  $);
#2526 = PRODUCT_RELATED_PRODUCT_CATEGORY('part',$,(#2362));
#2527 = SHAPE_DEFINITION_REPRESENTATION(#2528,#2534);
#2528 = PRODUCT_DEFINITION_SHAPE('','',#2529);
#2529 = PRODUCT_DEFINITION('design','',#2530,#2533);
#2530 = PRODUCT_DEFINITION_FORMATION('','',#2531);
#2531 = PRODUCT('Heat Camera','Heat Camera','',(#2532));
#2532 = PRODUCT_CONTEXT('',#2,'mechanical');
#2533 = PRODUCT_DEFINITION_CONTEXT('part definition',#2,'design');
#2534 = ADVANCED_BREP_SHAPE_REPRESENTATION('',(#11,#2535),#2685);
#2535 = MANIFOLD_SOLID_BREP('',#2536);
#2536 = CLOSED_SHELL('',(#2537,#2577,#2617,#2639,#2661,#2673));
#2537 = ADVANCED_FACE('',(#2538),#2572,.F.);
#2538 = FACE_BOUND('',#2539,.F.);
#2539 = EDGE_LOOP('',(#2540,#2550,#2558,#2566));
#2540 = ORIENTED_EDGE('',*,*,#2541,.F.);
#2541 = EDGE_CURVE('',#2542,#2544,#2546,.T.);
#2542 = VERTEX_POINT('',#2543);
#2543 = CARTESIAN_POINT('',(-30.,430.,35.));
#2544 = VERTEX_POINT('',#2545);
#2545 = CARTESIAN_POINT('',(-30.,430.,43.));
#2546 = LINE('',#2547,#2548);
#2547 = CARTESIAN_POINT('',(-30.,430.,35.));
#2548 = VECTOR('',#2549,1.);
#2549 = DIRECTION('',(0.,0.,1.));
#2550 = ORIENTED_EDGE('',*,*,#2551,.T.);
#2551 = EDGE_CURVE('',#2542,#2552,#2554,.T.);
#2552 = VERTEX_POINT('',#2553);
#2553 = CARTESIAN_POINT('',(-30.,455.,35.));
#2554 = LINE('',#2555,#2556);
#2555 = CARTESIAN_POINT('',(-30.,430.,35.));
#2556 = VECTOR('',#2557,1.);
#2557 = DIRECTION('',(-0.,1.,0.));
#2558 = ORIENTED_EDGE('',*,*,#2559,.T.);
#2559 = EDGE_CURVE('',#2552,#2560,#2562,.T.);
#2560 = VERTEX_POINT('',#2561);
#2561 = CARTESIAN_POINT('',(-30.,455.,43.));
#2562 = LINE('',#2563,#2564);
#2563 = CARTESIAN_POINT('',(-30.,455.,35.));
#2564 = VECTOR('',#2565,1.);
#2565 = DIRECTION('',(0.,0.,1.));
#2566 = ORIENTED_EDGE('',*,*,#2567,.F.);
#2567 = EDGE_CURVE('',#2544,#2560,#2568,.T.);
#2568 = LINE('',#2569,#2570);
#2569 = CARTESIAN_POINT('',(-30.,430.,43.));
#2570 = VECTOR('',#2571,1.);
#2571 = DIRECTION('',(-0.,1.,0.));
#2572 = PLANE('',#2573);
#2573 = AXIS2_PLACEMENT_3D('',#2574,#2575,#2576);
#2574 = CARTESIAN_POINT('',(-30.,430.,35.));
#2575 = DIRECTION('',(1.,0.,-0.));
#2576 = DIRECTION('',(0.,0.,1.));
#2577 = ADVANCED_FACE('',(#2578),#2612,.T.);
#2578 = FACE_BOUND('',#2579,.T.);
#2579 = EDGE_LOOP('',(#2580,#2590,#2598,#2606));
#2580 = ORIENTED_EDGE('',*,*,#2581,.F.);
#2581 = EDGE_CURVE('',#2582,#2584,#2586,.T.);
#2582 = VERTEX_POINT('',#2583);
#2583 = CARTESIAN_POINT('',(30.,430.,35.));
#2584 = VERTEX_POINT('',#2585);
#2585 = CARTESIAN_POINT('',(30.,430.,43.));
#2586 = LINE('',#2587,#2588);
#2587 = CARTESIAN_POINT('',(30.,430.,35.));
#2588 = VECTOR('',#2589,1.);
#2589 = DIRECTION('',(0.,0.,1.));
#2590 = ORIENTED_EDGE('',*,*,#2591,.T.);
#2591 = EDGE_CURVE('',#2582,#2592,#2594,.T.);
#2592 = VERTEX_POINT('',#2593);
#2593 = CARTESIAN_POINT('',(30.,455.,35.));
#2594 = LINE('',#2595,#2596);
#2595 = CARTESIAN_POINT('',(30.,430.,35.));
#2596 = VECTOR('',#2597,1.);
#2597 = DIRECTION('',(-0.,1.,0.));
#2598 = ORIENTED_EDGE('',*,*,#2599,.T.);
#2599 = EDGE_CURVE('',#2592,#2600,#2602,.T.);
#2600 = VERTEX_POINT('',#2601);
#2601 = CARTESIAN_POINT('',(30.,455.,43.));
#2602 = LINE('',#2603,#2604);
#2603 = CARTESIAN_POINT('',(30.,455.,35.));
#2604 = VECTOR('',#2605,1.);
#2605 = DIRECTION('',(0.,0.,1.));
#2606 = ORIENTED_EDGE('',*,*,#2607,.F.);
#2607 = EDGE_CURVE('',#2584,#2600,#2608,.T.);
#2608 = LINE('',#2609,#2610);
#2609 = CARTESIAN_POINT('',(30.,430.,43.));
#2610 = VECTOR('',#2611,1.);
#2611 = DIRECTION('',(-0.,1.,0.));
#2612 = PLANE('',#2613);
#2613 = AXIS2_PLACEMENT_3D('',#2614,#2615,#2616);
#2614 = CARTESIAN_POINT('',(30.,430.,35.));
#2615 = DIRECTION('',(1.,0.,-0.));
#2616 = DIRECTION('',(0.,0.,1.));
#2617 = ADVANCED_FACE('',(#2618),#2634,.F.);
#2618 = FACE_BOUND('',#2619,.F.);
#2619 = EDGE_LOOP('',(#2620,#2626,#2627,#2633));
#2620 = ORIENTED_EDGE('',*,*,#2621,.F.);
#2621 = EDGE_CURVE('',#2542,#2582,#2622,.T.);
#2622 = LINE('',#2623,#2624);
#2623 = CARTESIAN_POINT('',(-30.,430.,35.));
#2624 = VECTOR('',#2625,1.);
#2625 = DIRECTION('',(1.,0.,-0.));
#2626 = ORIENTED_EDGE('',*,*,#2541,.T.);
#2627 = ORIENTED_EDGE('',*,*,#2628,.T.);
#2628 = EDGE_CURVE('',#2544,#2584,#2629,.T.);
#2629 = LINE('',#2630,#2631);
#2630 = CARTESIAN_POINT('',(-30.,430.,43.));
#2631 = VECTOR('',#2632,1.);
#2632 = DIRECTION('',(1.,0.,-0.));
#2633 = ORIENTED_EDGE('',*,*,#2581,.F.);
#2634 = PLANE('',#2635);
#2635 = AXIS2_PLACEMENT_3D('',#2636,#2637,#2638);
#2636 = CARTESIAN_POINT('',(-30.,430.,35.));
#2637 = DIRECTION('',(-0.,1.,0.));
#2638 = DIRECTION('',(0.,0.,1.));
#2639 = ADVANCED_FACE('',(#2640),#2656,.T.);
#2640 = FACE_BOUND('',#2641,.T.);
#2641 = EDGE_LOOP('',(#2642,#2648,#2649,#2655));
#2642 = ORIENTED_EDGE('',*,*,#2643,.F.);
#2643 = EDGE_CURVE('',#2552,#2592,#2644,.T.);
#2644 = LINE('',#2645,#2646);
#2645 = CARTESIAN_POINT('',(-30.,455.,35.));
#2646 = VECTOR('',#2647,1.);
#2647 = DIRECTION('',(1.,0.,-0.));
#2648 = ORIENTED_EDGE('',*,*,#2559,.T.);
#2649 = ORIENTED_EDGE('',*,*,#2650,.T.);
#2650 = EDGE_CURVE('',#2560,#2600,#2651,.T.);
#2651 = LINE('',#2652,#2653);
#2652 = CARTESIAN_POINT('',(-30.,455.,43.));
#2653 = VECTOR('',#2654,1.);
#2654 = DIRECTION('',(1.,0.,-0.));
#2655 = ORIENTED_EDGE('',*,*,#2599,.F.);
#2656 = PLANE('',#2657);
#2657 = AXIS2_PLACEMENT_3D('',#2658,#2659,#2660);
#2658 = CARTESIAN_POINT('',(-30.,455.,35.));
#2659 = DIRECTION('',(-0.,1.,0.));
#2660 = DIRECTION('',(0.,0.,1.));
#2661 = ADVANCED_FACE('',(#2662),#2668,.F.);
#2662 = FACE_BOUND('',#2663,.F.);
#2663 = EDGE_LOOP('',(#2664,#2665,#2666,#2667));
#2664 = ORIENTED_EDGE('',*,*,#2551,.F.);
#2665 = ORIENTED_EDGE('',*,*,#2621,.T.);
#2666 = ORIENTED_EDGE('',*,*,#2591,.T.);
#2667 = ORIENTED_EDGE('',*,*,#2643,.F.);
#2668 = PLANE('',#2669);
#2669 = AXIS2_PLACEMENT_3D('',#2670,#2671,#2672);
#2670 = CARTESIAN_POINT('',(-30.,430.,35.));
#2671 = DIRECTION('',(0.,0.,1.));
#2672 = DIRECTION('',(1.,0.,-0.));
#2673 = ADVANCED_FACE('',(#2674),#2680,.T.);
#2674 = FACE_BOUND('',#2675,.T.);
#2675 = EDGE_LOOP('',(#2676,#2677,#2678,#2679));
#2676 = ORIENTED_EDGE('',*,*,#2567,.F.);
#2677 = ORIENTED_EDGE('',*,*,#2628,.T.);
#2678 = ORIENTED_EDGE('',*,*,#2607,.T.);
#2679 = ORIENTED_EDGE('',*,*,#2650,.F.);
#2680 = PLANE('',#2681);
#2681 = AXIS2_PLACEMENT_3D('',#2682,#2683,#2684);
#2682 = CARTESIAN_POINT('',(-30.,430.,43.));
#2683 = DIRECTION('',(0.,0.,1.));
#2684 = DIRECTION('',(1.,0.,-0.));
#2685 = ( GEOMETRIC_REPRESENTATION_CONTEXT(3)
GLOBAL_UNCERTAINTY_ASSIGNED_CONTEXT((#2689))
GLOBAL_UNIT_ASSIGNED_CONTEXT((#2686,#2687,#2688)) REPRESENTATION_CONTEXT
('Context #1','3D Context with UNIT and UNCERTAINTY') );
#2686 = ( LENGTH_UNIT() NAMED_UNIT(*) SI_UNIT(.MILLI.,.METRE.) );
#2687 = ( NAMED_UNIT(*) PLANE_ANGLE_UNIT() SI_UNIT($,.RADIAN.) );
#2688 = ( NAMED_UNIT(*) SI_UNIT($,.STERADIAN.) SOLID_ANGLE_UNIT() );
#2689 = UNCERTAINTY_MEASURE_WITH_UNIT(LENGTH_MEASURE(1.E-07),#2686,
  'distance_accuracy_value','confusion accuracy');
#2690 = CONTEXT_DEPENDENT_SHAPE_REPRESENTATION(#2691,#2693);
#2691 = ( REPRESENTATION_RELATIONSHIP('','',#2534,#10)
REPRESENTATION_RELATIONSHIP_WITH_TRANSFORMATION(#2692)
SHAPE_REPRESENTATION_RELATIONSHIP() );
#2692 = ITEM_DEFINED_TRANSFORMATION('','',#11,#63);
#2693 = PRODUCT_DEFINITION_SHAPE('Placement','Placement of an item',
  #2694);
#2694 = NEXT_ASSEMBLY_USAGE_OCCURRENCE('13','Heat Camera','',#5,#2529,$
  );
#2695 = PRODUCT_RELATED_PRODUCT_CATEGORY('part',$,(#2531));
#2696 = SHAPE_DEFINITION_REPRESENTATION(#2697,#2703);
#2697 = PRODUCT_DEFINITION_SHAPE('','',#2698);
#2698 = PRODUCT_DEFINITION('design','',#2699,#2702);
#2699 = PRODUCT_DEFINITION_FORMATION('','',#2700);
#2700 = PRODUCT('Heat Audio','Heat Audio','',(#2701));
#2701 = PRODUCT_CONTEXT('',#2,'mechanical');
#2702 = PRODUCT_DEFINITION_CONTEXT('part definition',#2,'design');
#2703 = SHAPE_REPRESENTATION('',(#11,#2704,#2854),#3004);
#2704 = MANIFOLD_SOLID_BREP('',#2705);
#2705 = CLOSED_SHELL('',(#2706,#2746,#2786,#2808,#2830,#2842));
#2706 = ADVANCED_FACE('',(#2707),#2741,.F.);
#2707 = FACE_BOUND('',#2708,.F.);
#2708 = EDGE_LOOP('',(#2709,#2719,#2727,#2735));
#2709 = ORIENTED_EDGE('',*,*,#2710,.F.);
#2710 = EDGE_CURVE('',#2711,#2713,#2715,.T.);
#2711 = VERTEX_POINT('',#2712);
#2712 = CARTESIAN_POINT('',(-270.,390.,38.));
#2713 = VERTEX_POINT('',#2714);
#2714 = CARTESIAN_POINT('',(-270.,390.,48.));
#2715 = LINE('',#2716,#2717);
#2716 = CARTESIAN_POINT('',(-270.,390.,38.));
#2717 = VECTOR('',#2718,1.);
#2718 = DIRECTION('',(0.,0.,1.));
#2719 = ORIENTED_EDGE('',*,*,#2720,.T.);
#2720 = EDGE_CURVE('',#2711,#2721,#2723,.T.);
#2721 = VERTEX_POINT('',#2722);
#2722 = CARTESIAN_POINT('',(-270.,420.,38.));
#2723 = LINE('',#2724,#2725);
#2724 = CARTESIAN_POINT('',(-270.,390.,38.));
#2725 = VECTOR('',#2726,1.);
#2726 = DIRECTION('',(-0.,1.,0.));
#2727 = ORIENTED_EDGE('',*,*,#2728,.T.);
#2728 = EDGE_CURVE('',#2721,#2729,#2731,.T.);
#2729 = VERTEX_POINT('',#2730);
#2730 = CARTESIAN_POINT('',(-270.,420.,48.));
#2731 = LINE('',#2732,#2733);
#2732 = CARTESIAN_POINT('',(-270.,420.,38.));
#2733 = VECTOR('',#2734,1.);
#2734 = DIRECTION('',(0.,0.,1.));
#2735 = ORIENTED_EDGE('',*,*,#2736,.F.);
#2736 = EDGE_CURVE('',#2713,#2729,#2737,.T.);
#2737 = LINE('',#2738,#2739);
#2738 = CARTESIAN_POINT('',(-270.,390.,48.));
#2739 = VECTOR('',#2740,1.);
#2740 = DIRECTION('',(-0.,1.,0.));
#2741 = PLANE('',#2742);
#2742 = AXIS2_PLACEMENT_3D('',#2743,#2744,#2745);
#2743 = CARTESIAN_POINT('',(-270.,390.,38.));
#2744 = DIRECTION('',(1.,0.,-0.));
#2745 = DIRECTION('',(0.,0.,1.));
#2746 = ADVANCED_FACE('',(#2747),#2781,.T.);
#2747 = FACE_BOUND('',#2748,.T.);
#2748 = EDGE_LOOP('',(#2749,#2759,#2767,#2775));
#2749 = ORIENTED_EDGE('',*,*,#2750,.F.);
#2750 = EDGE_CURVE('',#2751,#2753,#2755,.T.);
#2751 = VERTEX_POINT('',#2752);
#2752 = CARTESIAN_POINT('',(-220.,390.,38.));
#2753 = VERTEX_POINT('',#2754);
#2754 = CARTESIAN_POINT('',(-220.,390.,48.));
#2755 = LINE('',#2756,#2757);
#2756 = CARTESIAN_POINT('',(-220.,390.,38.));
#2757 = VECTOR('',#2758,1.);
#2758 = DIRECTION('',(0.,0.,1.));
#2759 = ORIENTED_EDGE('',*,*,#2760,.T.);
#2760 = EDGE_CURVE('',#2751,#2761,#2763,.T.);
#2761 = VERTEX_POINT('',#2762);
#2762 = CARTESIAN_POINT('',(-220.,420.,38.));
#2763 = LINE('',#2764,#2765);
#2764 = CARTESIAN_POINT('',(-220.,390.,38.));
#2765 = VECTOR('',#2766,1.);
#2766 = DIRECTION('',(-0.,1.,0.));
#2767 = ORIENTED_EDGE('',*,*,#2768,.T.);
#2768 = EDGE_CURVE('',#2761,#2769,#2771,.T.);
#2769 = VERTEX_POINT('',#2770);
#2770 = CARTESIAN_POINT('',(-220.,420.,48.));
#2771 = LINE('',#2772,#2773);
#2772 = CARTESIAN_POINT('',(-220.,420.,38.));
#2773 = VECTOR('',#2774,1.);
#2774 = DIRECTION('',(0.,0.,1.));
#2775 = ORIENTED_EDGE('',*,*,#2776,.F.);
#2776 = EDGE_CURVE('',#2753,#2769,#2777,.T.);
#2777 = LINE('',#2778,#2779);
#2778 = CARTESIAN_POINT('',(-220.,390.,48.));
#2779 = VECTOR('',#2780,1.);
#2780 = DIRECTION('',(-0.,1.,0.));
#2781 = PLANE('',#2782);
#2782 = AXIS2_PLACEMENT_3D('',#2783,#2784,#2785);
#2783 = CARTESIAN_POINT('',(-220.,390.,38.));
#2784 = DIRECTION('',(1.,0.,-0.));
#2785 = DIRECTION('',(0.,0.,1.));
#2786 = ADVANCED_FACE('',(#2787),#2803,.F.);
#2787 = FACE_BOUND('',#2788,.F.);
#2788 = EDGE_LOOP('',(#2789,#2795,#2796,#2802));
#2789 = ORIENTED_EDGE('',*,*,#2790,.F.);
#2790 = EDGE_CURVE('',#2711,#2751,#2791,.T.);
#2791 = LINE('',#2792,#2793);
#2792 = CARTESIAN_POINT('',(-270.,390.,38.));
#2793 = VECTOR('',#2794,1.);
#2794 = DIRECTION('',(1.,0.,-0.));
#2795 = ORIENTED_EDGE('',*,*,#2710,.T.);
#2796 = ORIENTED_EDGE('',*,*,#2797,.T.);
#2797 = EDGE_CURVE('',#2713,#2753,#2798,.T.);
#2798 = LINE('',#2799,#2800);
#2799 = CARTESIAN_POINT('',(-270.,390.,48.));
#2800 = VECTOR('',#2801,1.);
#2801 = DIRECTION('',(1.,0.,-0.));
#2802 = ORIENTED_EDGE('',*,*,#2750,.F.);
#2803 = PLANE('',#2804);
#2804 = AXIS2_PLACEMENT_3D('',#2805,#2806,#2807);
#2805 = CARTESIAN_POINT('',(-270.,390.,38.));
#2806 = DIRECTION('',(-0.,1.,0.));
#2807 = DIRECTION('',(0.,0.,1.));
#2808 = ADVANCED_FACE('',(#2809),#2825,.T.);
#2809 = FACE_BOUND('',#2810,.T.);
#2810 = EDGE_LOOP('',(#2811,#2817,#2818,#2824));
#2811 = ORIENTED_EDGE('',*,*,#2812,.F.);
#2812 = EDGE_CURVE('',#2721,#2761,#2813,.T.);
#2813 = LINE('',#2814,#2815);
#2814 = CARTESIAN_POINT('',(-270.,420.,38.));
#2815 = VECTOR('',#2816,1.);
#2816 = DIRECTION('',(1.,0.,-0.));
#2817 = ORIENTED_EDGE('',*,*,#2728,.T.);
#2818 = ORIENTED_EDGE('',*,*,#2819,.T.);
#2819 = EDGE_CURVE('',#2729,#2769,#2820,.T.);
#2820 = LINE('',#2821,#2822);
#2821 = CARTESIAN_POINT('',(-270.,420.,48.));
#2822 = VECTOR('',#2823,1.);
#2823 = DIRECTION('',(1.,0.,-0.));
#2824 = ORIENTED_EDGE('',*,*,#2768,.F.);
#2825 = PLANE('',#2826);
#2826 = AXIS2_PLACEMENT_3D('',#2827,#2828,#2829);
#2827 = CARTESIAN_POINT('',(-270.,420.,38.));
#2828 = DIRECTION('',(-0.,1.,0.));
#2829 = DIRECTION('',(0.,0.,1.));
#2830 = ADVANCED_FACE('',(#2831),#2837,.F.);
#2831 = FACE_BOUND('',#2832,.F.);
#2832 = EDGE_LOOP('',(#2833,#2834,#2835,#2836));
#2833 = ORIENTED_EDGE('',*,*,#2720,.F.);
#2834 = ORIENTED_EDGE('',*,*,#2790,.T.);
#2835 = ORIENTED_EDGE('',*,*,#2760,.T.);
#2836 = ORIENTED_EDGE('',*,*,#2812,.F.);
#2837 = PLANE('',#2838);
#2838 = AXIS2_PLACEMENT_3D('',#2839,#2840,#2841);
#2839 = CARTESIAN_POINT('',(-270.,390.,38.));
#2840 = DIRECTION('',(0.,0.,1.));
#2841 = DIRECTION('',(1.,0.,-0.));
#2842 = ADVANCED_FACE('',(#2843),#2849,.T.);
#2843 = FACE_BOUND('',#2844,.T.);
#2844 = EDGE_LOOP('',(#2845,#2846,#2847,#2848));
#2845 = ORIENTED_EDGE('',*,*,#2736,.F.);
#2846 = ORIENTED_EDGE('',*,*,#2797,.T.);
#2847 = ORIENTED_EDGE('',*,*,#2776,.T.);
#2848 = ORIENTED_EDGE('',*,*,#2819,.F.);
#2849 = PLANE('',#2850);
#2850 = AXIS2_PLACEMENT_3D('',#2851,#2852,#2853);
#2851 = CARTESIAN_POINT('',(-270.,390.,48.));
#2852 = DIRECTION('',(0.,0.,1.));
#2853 = DIRECTION('',(1.,0.,-0.));
#2854 = MANIFOLD_SOLID_BREP('',#2855);
#2855 = CLOSED_SHELL('',(#2856,#2896,#2936,#2958,#2980,#2992));
#2856 = ADVANCED_FACE('',(#2857),#2891,.F.);
#2857 = FACE_BOUND('',#2858,.F.);
#2858 = EDGE_LOOP('',(#2859,#2869,#2877,#2885));
#2859 = ORIENTED_EDGE('',*,*,#2860,.F.);
#2860 = EDGE_CURVE('',#2861,#2863,#2865,.T.);
#2861 = VERTEX_POINT('',#2862);
#2862 = CARTESIAN_POINT('',(220.,390.,38.));
#2863 = VERTEX_POINT('',#2864);
#2864 = CARTESIAN_POINT('',(220.,390.,48.));
#2865 = LINE('',#2866,#2867);
#2866 = CARTESIAN_POINT('',(220.,390.,38.));
#2867 = VECTOR('',#2868,1.);
#2868 = DIRECTION('',(0.,0.,1.));
#2869 = ORIENTED_EDGE('',*,*,#2870,.T.);
#2870 = EDGE_CURVE('',#2861,#2871,#2873,.T.);
#2871 = VERTEX_POINT('',#2872);
#2872 = CARTESIAN_POINT('',(220.,420.,38.));
#2873 = LINE('',#2874,#2875);
#2874 = CARTESIAN_POINT('',(220.,390.,38.));
#2875 = VECTOR('',#2876,1.);
#2876 = DIRECTION('',(-0.,1.,0.));
#2877 = ORIENTED_EDGE('',*,*,#2878,.T.);
#2878 = EDGE_CURVE('',#2871,#2879,#2881,.T.);
#2879 = VERTEX_POINT('',#2880);
#2880 = CARTESIAN_POINT('',(220.,420.,48.));
#2881 = LINE('',#2882,#2883);
#2882 = CARTESIAN_POINT('',(220.,420.,38.));
#2883 = VECTOR('',#2884,1.);
#2884 = DIRECTION('',(0.,0.,1.));
#2885 = ORIENTED_EDGE('',*,*,#2886,.F.);
#2886 = EDGE_CURVE('',#2863,#2879,#2887,.T.);
#2887 = LINE('',#2888,#2889);
#2888 = CARTESIAN_POINT('',(220.,390.,48.));
#2889 = VECTOR('',#2890,1.);
#2890 = DIRECTION('',(-0.,1.,0.));
#2891 = PLANE('',#2892);
#2892 = AXIS2_PLACEMENT_3D('',#2893,#2894,#2895);
#2893 = CARTESIAN_POINT('',(220.,390.,38.));
#2894 = DIRECTION('',(1.,0.,-0.));
#2895 = DIRECTION('',(0.,0.,1.));
#2896 = ADVANCED_FACE('',(#2897),#2931,.T.);
#2897 = FACE_BOUND('',#2898,.T.);
#2898 = EDGE_LOOP('',(#2899,#2909,#2917,#2925));
#2899 = ORIENTED_EDGE('',*,*,#2900,.F.);
#2900 = EDGE_CURVE('',#2901,#2903,#2905,.T.);
#2901 = VERTEX_POINT('',#2902);
#2902 = CARTESIAN_POINT('',(270.,390.,38.));
#2903 = VERTEX_POINT('',#2904);
#2904 = CARTESIAN_POINT('',(270.,390.,48.));
#2905 = LINE('',#2906,#2907);
#2906 = CARTESIAN_POINT('',(270.,390.,38.));
#2907 = VECTOR('',#2908,1.);
#2908 = DIRECTION('',(0.,0.,1.));
#2909 = ORIENTED_EDGE('',*,*,#2910,.T.);
#2910 = EDGE_CURVE('',#2901,#2911,#2913,.T.);
#2911 = VERTEX_POINT('',#2912);
#2912 = CARTESIAN_POINT('',(270.,420.,38.));
#2913 = LINE('',#2914,#2915);
#2914 = CARTESIAN_POINT('',(270.,390.,38.));
#2915 = VECTOR('',#2916,1.);
#2916 = DIRECTION('',(-0.,1.,0.));
#2917 = ORIENTED_EDGE('',*,*,#2918,.T.);
#2918 = EDGE_CURVE('',#2911,#2919,#2921,.T.);
#2919 = VERTEX_POINT('',#2920);
#2920 = CARTESIAN_POINT('',(270.,420.,48.));
#2921 = LINE('',#2922,#2923);
#2922 = CARTESIAN_POINT('',(270.,420.,38.));
#2923 = VECTOR('',#2924,1.);
#2924 = DIRECTION('',(0.,0.,1.));
#2925 = ORIENTED_EDGE('',*,*,#2926,.F.);
#2926 = EDGE_CURVE('',#2903,#2919,#2927,.T.);
#2927 = LINE('',#2928,#2929);
#2928 = CARTESIAN_POINT('',(270.,390.,48.));
#2929 = VECTOR('',#2930,1.);
#2930 = DIRECTION('',(-0.,1.,0.));
#2931 = PLANE('',#2932);
#2932 = AXIS2_PLACEMENT_3D('',#2933,#2934,#2935);
#2933 = CARTESIAN_POINT('',(270.,390.,38.));
#2934 = DIRECTION('',(1.,0.,-0.));
#2935 = DIRECTION('',(0.,0.,1.));
#2936 = ADVANCED_FACE('',(#2937),#2953,.F.);
#2937 = FACE_BOUND('',#2938,.F.);
#2938 = EDGE_LOOP('',(#2939,#2945,#2946,#2952));
#2939 = ORIENTED_EDGE('',*,*,#2940,.F.);
#2940 = EDGE_CURVE('',#2861,#2901,#2941,.T.);
#2941 = LINE('',#2942,#2943);
#2942 = CARTESIAN_POINT('',(220.,390.,38.));
#2943 = VECTOR('',#2944,1.);
#2944 = DIRECTION('',(1.,0.,-0.));
#2945 = ORIENTED_EDGE('',*,*,#2860,.T.);
#2946 = ORIENTED_EDGE('',*,*,#2947,.T.);
#2947 = EDGE_CURVE('',#2863,#2903,#2948,.T.);
#2948 = LINE('',#2949,#2950);
#2949 = CARTESIAN_POINT('',(220.,390.,48.));
#2950 = VECTOR('',#2951,1.);
#2951 = DIRECTION('',(1.,0.,-0.));
#2952 = ORIENTED_EDGE('',*,*,#2900,.F.);
#2953 = PLANE('',#2954);
#2954 = AXIS2_PLACEMENT_3D('',#2955,#2956,#2957);
#2955 = CARTESIAN_POINT('',(220.,390.,38.));
#2956 = DIRECTION('',(-0.,1.,0.));
#2957 = DIRECTION('',(0.,0.,1.));
#2958 = ADVANCED_FACE('',(#2959),#2975,.T.);
#2959 = FACE_BOUND('',#2960,.T.);
#2960 = EDGE_LOOP('',(#2961,#2967,#2968,#2974));
#2961 = ORIENTED_EDGE('',*,*,#2962,.F.);
#2962 = EDGE_CURVE('',#2871,#2911,#2963,.T.);
#2963 = LINE('',#2964,#2965);
#2964 = CARTESIAN_POINT('',(220.,420.,38.));
#2965 = VECTOR('',#2966,1.);
#2966 = DIRECTION('',(1.,0.,-0.));
#2967 = ORIENTED_EDGE('',*,*,#2878,.T.);
#2968 = ORIENTED_EDGE('',*,*,#2969,.T.);
#2969 = EDGE_CURVE('',#2879,#2919,#2970,.T.);
#2970 = LINE('',#2971,#2972);
#2971 = CARTESIAN_POINT('',(220.,420.,48.));
#2972 = VECTOR('',#2973,1.);
#2973 = DIRECTION('',(1.,0.,-0.));
#2974 = ORIENTED_EDGE('',*,*,#2918,.F.);
#2975 = PLANE('',#2976);
#2976 = AXIS2_PLACEMENT_3D('',#2977,#2978,#2979);
#2977 = CARTESIAN_POINT('',(220.,420.,38.));
#2978 = DIRECTION('',(-0.,1.,0.));
#2979 = DIRECTION('',(0.,0.,1.));
#2980 = ADVANCED_FACE('',(#2981),#2987,.F.);
#2981 = FACE_BOUND('',#2982,.F.);
#2982 = EDGE_LOOP('',(#2983,#2984,#2985,#2986));
#2983 = ORIENTED_EDGE('',*,*,#2870,.F.);
#2984 = ORIENTED_EDGE('',*,*,#2940,.T.);
#2985 = ORIENTED_EDGE('',*,*,#2910,.T.);
#2986 = ORIENTED_EDGE('',*,*,#2962,.F.);
#2987 = PLANE('',#2988);
#2988 = AXIS2_PLACEMENT_3D('',#2989,#2990,#2991);
#2989 = CARTESIAN_POINT('',(220.,390.,38.));
#2990 = DIRECTION('',(0.,0.,1.));
#2991 = DIRECTION('',(1.,0.,-0.));
#2992 = ADVANCED_FACE('',(#2993),#2999,.T.);
#2993 = FACE_BOUND('',#2994,.T.);
#2994 = EDGE_LOOP('',(#2995,#2996,#2997,#2998));
#2995 = ORIENTED_EDGE('',*,*,#2886,.F.);
#2996 = ORIENTED_EDGE('',*,*,#2947,.T.);
#2997 = ORIENTED_EDGE('',*,*,#2926,.T.);
#2998 = ORIENTED_EDGE('',*,*,#2969,.F.);
#2999 = PLANE('',#3000);
#3000 = AXIS2_PLACEMENT_3D('',#3001,#3002,#3003);
#3001 = CARTESIAN_POINT('',(220.,390.,48.));
#3002 = DIRECTION('',(0.,0.,1.));
#3003 = DIRECTION('',(1.,0.,-0.));
#3004 = ( GEOMETRIC_REPRESENTATION_CONTEXT(3)
GLOBAL_UNCERTAINTY_ASSIGNED_CONTEXT((#3008))
GLOBAL_UNIT_ASSIGNED_CONTEXT((#3005,#3006,#3007)) REPRESENTATION_CONTEXT
('Context #1','3D Context with UNIT and UNCERTAINTY') );
#3005 = ( LENGTH_UNIT() NAMED_UNIT(*) SI_UNIT(.MILLI.,.METRE.) );
#3006 = ( NAMED_UNIT(*) PLANE_ANGLE_UNIT() SI_UNIT($,.RADIAN.) );
#3007 = ( NAMED_UNIT(*) SI_UNIT($,.STERADIAN.) SOLID_ANGLE_UNIT() );
#3008 = UNCERTAINTY_MEASURE_WITH_UNIT(LENGTH_MEASURE(1.E-07),#3005,
  'distance_accuracy_value','confusion accuracy');
#3009 = CONTEXT_DEPENDENT_SHAPE_REPRESENTATION(#3010,#3012);
#3010 = ( REPRESENTATION_RELATIONSHIP('','',#2703,#10)
REPRESENTATION_RELATIONSHIP_WITH_TRANSFORMATION(#3011)
SHAPE_REPRESENTATION_RELATIONSHIP() );
#3011 = ITEM_DEFINED_TRANSFORMATION('','',#11,#67);
#3012 = PRODUCT_DEFINITION_SHAPE('Placement','Placement of an item',
  #3013);
#3013 = NEXT_ASSEMBLY_USAGE_OCCURRENCE('14','Heat Audio','',#5,#2698,$);
#3014 = PRODUCT_RELATED_PRODUCT_CATEGORY('part',$,(#2700));
#3015 = SHAPE_DEFINITION_REPRESENTATION(#3016,#3022);
#3016 = PRODUCT_DEFINITION_SHAPE('','',#3017);
#3017 = PRODUCT_DEFINITION('design','',#3018,#3021);
#3018 = PRODUCT_DEFINITION_FORMATION('','',#3019);
#3019 = PRODUCT('Heat Radar ALS','Heat Radar ALS','',(#3020));
#3020 = PRODUCT_CONTEXT('',#2,'mechanical');
#3021 = PRODUCT_DEFINITION_CONTEXT('part definition',#2,'design');
#3022 = ADVANCED_BREP_SHAPE_REPRESENTATION('',(#11,#3023),#3173);
#3023 = MANIFOLD_SOLID_BREP('',#3024);
#3024 = CLOSED_SHELL('',(#3025,#3065,#3105,#3127,#3149,#3161));
#3025 = ADVANCED_FACE('',(#3026),#3060,.F.);
#3026 = FACE_BOUND('',#3027,.F.);
#3027 = EDGE_LOOP('',(#3028,#3038,#3046,#3054));
#3028 = ORIENTED_EDGE('',*,*,#3029,.F.);
#3029 = EDGE_CURVE('',#3030,#3032,#3034,.T.);
#3030 = VERTEX_POINT('',#3031);
#3031 = CARTESIAN_POINT('',(-12.,458.,36.));
#3032 = VERTEX_POINT('',#3033);
#3033 = CARTESIAN_POINT('',(-12.,458.,42.));
#3034 = LINE('',#3035,#3036);
#3035 = CARTESIAN_POINT('',(-12.,458.,36.));
#3036 = VECTOR('',#3037,1.);
#3037 = DIRECTION('',(0.,0.,1.));
#3038 = ORIENTED_EDGE('',*,*,#3039,.T.);
#3039 = EDGE_CURVE('',#3030,#3040,#3042,.T.);
#3040 = VERTEX_POINT('',#3041);
#3041 = CARTESIAN_POINT('',(-12.,478.,36.));
#3042 = LINE('',#3043,#3044);
#3043 = CARTESIAN_POINT('',(-12.,458.,36.));
#3044 = VECTOR('',#3045,1.);
#3045 = DIRECTION('',(-0.,1.,0.));
#3046 = ORIENTED_EDGE('',*,*,#3047,.T.);
#3047 = EDGE_CURVE('',#3040,#3048,#3050,.T.);
#3048 = VERTEX_POINT('',#3049);
#3049 = CARTESIAN_POINT('',(-12.,478.,42.));
#3050 = LINE('',#3051,#3052);
#3051 = CARTESIAN_POINT('',(-12.,478.,36.));
#3052 = VECTOR('',#3053,1.);
#3053 = DIRECTION('',(0.,0.,1.));
#3054 = ORIENTED_EDGE('',*,*,#3055,.F.);
#3055 = EDGE_CURVE('',#3032,#3048,#3056,.T.);
#3056 = LINE('',#3057,#3058);
#3057 = CARTESIAN_POINT('',(-12.,458.,42.));
#3058 = VECTOR('',#3059,1.);
#3059 = DIRECTION('',(-0.,1.,0.));
#3060 = PLANE('',#3061);
#3061 = AXIS2_PLACEMENT_3D('',#3062,#3063,#3064);
#3062 = CARTESIAN_POINT('',(-12.,458.,36.));
#3063 = DIRECTION('',(1.,0.,-0.));
#3064 = DIRECTION('',(0.,0.,1.));
#3065 = ADVANCED_FACE('',(#3066),#3100,.T.);
#3066 = FACE_BOUND('',#3067,.T.);
#3067 = EDGE_LOOP('',(#3068,#3078,#3086,#3094));
#3068 = ORIENTED_EDGE('',*,*,#3069,.F.);
#3069 = EDGE_CURVE('',#3070,#3072,#3074,.T.);
#3070 = VERTEX_POINT('',#3071);
#3071 = CARTESIAN_POINT('',(12.,458.,36.));
#3072 = VERTEX_POINT('',#3073);
#3073 = CARTESIAN_POINT('',(12.,458.,42.));
#3074 = LINE('',#3075,#3076);
#3075 = CARTESIAN_POINT('',(12.,458.,36.));
#3076 = VECTOR('',#3077,1.);
#3077 = DIRECTION('',(0.,0.,1.));
#3078 = ORIENTED_EDGE('',*,*,#3079,.T.);
#3079 = EDGE_CURVE('',#3070,#3080,#3082,.T.);
#3080 = VERTEX_POINT('',#3081);
#3081 = CARTESIAN_POINT('',(12.,478.,36.));
#3082 = LINE('',#3083,#3084);
#3083 = CARTESIAN_POINT('',(12.,458.,36.));
#3084 = VECTOR('',#3085,1.);
#3085 = DIRECTION('',(-0.,1.,0.));
#3086 = ORIENTED_EDGE('',*,*,#3087,.T.);
#3087 = EDGE_CURVE('',#3080,#3088,#3090,.T.);
#3088 = VERTEX_POINT('',#3089);
#3089 = CARTESIAN_POINT('',(12.,478.,42.));
#3090 = LINE('',#3091,#3092);
#3091 = CARTESIAN_POINT('',(12.,478.,36.));
#3092 = VECTOR('',#3093,1.);
#3093 = DIRECTION('',(0.,0.,1.));
#3094 = ORIENTED_EDGE('',*,*,#3095,.F.);
#3095 = EDGE_CURVE('',#3072,#3088,#3096,.T.);
#3096 = LINE('',#3097,#3098);
#3097 = CARTESIAN_POINT('',(12.,458.,42.));
#3098 = VECTOR('',#3099,1.);
#3099 = DIRECTION('',(-0.,1.,0.));
#3100 = PLANE('',#3101);
#3101 = AXIS2_PLACEMENT_3D('',#3102,#3103,#3104);
#3102 = CARTESIAN_POINT('',(12.,458.,36.));
#3103 = DIRECTION('',(1.,0.,-0.));
#3104 = DIRECTION('',(0.,0.,1.));
#3105 = ADVANCED_FACE('',(#3106),#3122,.F.);
#3106 = FACE_BOUND('',#3107,.F.);
#3107 = EDGE_LOOP('',(#3108,#3114,#3115,#3121));
#3108 = ORIENTED_EDGE('',*,*,#3109,.F.);
#3109 = EDGE_CURVE('',#3030,#3070,#3110,.T.);
#3110 = LINE('',#3111,#3112);
#3111 = CARTESIAN_POINT('',(-12.,458.,36.));
#3112 = VECTOR('',#3113,1.);
#3113 = DIRECTION('',(1.,0.,-0.));
#3114 = ORIENTED_EDGE('',*,*,#3029,.T.);
#3115 = ORIENTED_EDGE('',*,*,#3116,.T.);
#3116 = EDGE_CURVE('',#3032,#3072,#3117,.T.);
#3117 = LINE('',#3118,#3119);
#3118 = CARTESIAN_POINT('',(-12.,458.,42.));
#3119 = VECTOR('',#3120,1.);
#3120 = DIRECTION('',(1.,0.,-0.));
#3121 = ORIENTED_EDGE('',*,*,#3069,.F.);
#3122 = PLANE('',#3123);
#3123 = AXIS2_PLACEMENT_3D('',#3124,#3125,#3126);
#3124 = CARTESIAN_POINT('',(-12.,458.,36.));
#3125 = DIRECTION('',(-0.,1.,0.));
#3126 = DIRECTION('',(0.,0.,1.));
#3127 = ADVANCED_FACE('',(#3128),#3144,.T.);
#3128 = FACE_BOUND('',#3129,.T.);
#3129 = EDGE_LOOP('',(#3130,#3136,#3137,#3143));
#3130 = ORIENTED_EDGE('',*,*,#3131,.F.);
#3131 = EDGE_CURVE('',#3040,#3080,#3132,.T.);
#3132 = LINE('',#3133,#3134);
#3133 = CARTESIAN_POINT('',(-12.,478.,36.));
#3134 = VECTOR('',#3135,1.);
#3135 = DIRECTION('',(1.,0.,-0.));
#3136 = ORIENTED_EDGE('',*,*,#3047,.T.);
#3137 = ORIENTED_EDGE('',*,*,#3138,.T.);
#3138 = EDGE_CURVE('',#3048,#3088,#3139,.T.);
#3139 = LINE('',#3140,#3141);
#3140 = CARTESIAN_POINT('',(-12.,478.,42.));
#3141 = VECTOR('',#3142,1.);
#3142 = DIRECTION('',(1.,0.,-0.));
#3143 = ORIENTED_EDGE('',*,*,#3087,.F.);
#3144 = PLANE('',#3145);
#3145 = AXIS2_PLACEMENT_3D('',#3146,#3147,#3148);
#3146 = CARTESIAN_POINT('',(-12.,478.,36.));
#3147 = DIRECTION('',(-0.,1.,0.));
#3148 = DIRECTION('',(0.,0.,1.));
#3149 = ADVANCED_FACE('',(#3150),#3156,.F.);
#3150 = FACE_BOUND('',#3151,.F.);
#3151 = EDGE_LOOP('',(#3152,#3153,#3154,#3155));
#3152 = ORIENTED_EDGE('',*,*,#3039,.F.);
#3153 = ORIENTED_EDGE('',*,*,#3109,.T.);
#3154 = ORIENTED_EDGE('',*,*,#3079,.T.);
#3155 = ORIENTED_EDGE('',*,*,#3131,.F.);
#3156 = PLANE('',#3157);
#3157 = AXIS2_PLACEMENT_3D('',#3158,#3159,#3160);
#3158 = CARTESIAN_POINT('',(-12.,458.,36.));
#3159 = DIRECTION('',(0.,0.,1.));
#3160 = DIRECTION('',(1.,0.,-0.));
#3161 = ADVANCED_FACE('',(#3162),#3168,.T.);
#3162 = FACE_BOUND('',#3163,.T.);
#3163 = EDGE_LOOP('',(#3164,#3165,#3166,#3167));
#3164 = ORIENTED_EDGE('',*,*,#3055,.F.);
#3165 = ORIENTED_EDGE('',*,*,#3116,.T.);
#3166 = ORIENTED_EDGE('',*,*,#3095,.T.);
#3167 = ORIENTED_EDGE('',*,*,#3138,.F.);
#3168 = PLANE('',#3169);
#3169 = AXIS2_PLACEMENT_3D('',#3170,#3171,#3172);
#3170 = CARTESIAN_POINT('',(-12.,458.,42.));
#3171 = DIRECTION('',(0.,0.,1.));
#3172 = DIRECTION('',(1.,0.,-0.));
#3173 = ( GEOMETRIC_REPRESENTATION_CONTEXT(3)
GLOBAL_UNCERTAINTY_ASSIGNED_CONTEXT((#3177))
GLOBAL_UNIT_ASSIGNED_CONTEXT((#3174,#3175,#3176)) REPRESENTATION_CONTEXT
('Context #1','3D Context with UNIT and UNCERTAINTY') );
#3174 = ( LENGTH_UNIT() NAMED_UNIT(*) SI_UNIT(.MILLI.,.METRE.) );
#3175 = ( NAMED_UNIT(*) PLANE_ANGLE_UNIT() SI_UNIT($,.RADIAN.) );
#3176 = ( NAMED_UNIT(*) SI_UNIT($,.STERADIAN.) SOLID_ANGLE_UNIT() );
#3177 = UNCERTAINTY_MEASURE_WITH_UNIT(LENGTH_MEASURE(1.E-07),#3174,
  'distance_accuracy_value','confusion accuracy');
#3178 = CONTEXT_DEPENDENT_SHAPE_REPRESENTATION(#3179,#3181);
#3179 = ( REPRESENTATION_RELATIONSHIP('','',#3022,#10)
REPRESENTATION_RELATIONSHIP_WITH_TRANSFORMATION(#3180)
SHAPE_REPRESENTATION_RELATIONSHIP() );
#3180 = ITEM_DEFINED_TRANSFORMATION('','',#11,#71);
#3181 = PRODUCT_DEFINITION_SHAPE('Placement','Placement of an item',
  #3182);
#3182 = NEXT_ASSEMBLY_USAGE_OCCURRENCE('15','Heat Radar ALS','',#5,#3017
  ,$);
#3183 = PRODUCT_RELATED_PRODUCT_CATEGORY('part',$,(#3019));
#3184 = SHAPE_DEFINITION_REPRESENTATION(#3185,#3191);
#3185 = PRODUCT_DEFINITION_SHAPE('','',#3186);
#3186 = PRODUCT_DEFINITION('design','',#3187,#3190);
#3187 = PRODUCT_DEFINITION_FORMATION('','',#3188);
#3188 = PRODUCT('Heat Front Lighting','Heat Front Lighting','',(#3189));
#3189 = PRODUCT_CONTEXT('',#2,'mechanical');
#3190 = PRODUCT_DEFINITION_CONTEXT('part definition',#2,'design');
#3191 = SHAPE_REPRESENTATION('',(#11,#3192,#3342),#3492);
#3192 = MANIFOLD_SOLID_BREP('',#3193);
#3193 = CLOSED_SHELL('',(#3194,#3234,#3274,#3296,#3318,#3330));
#3194 = ADVANCED_FACE('',(#3195),#3229,.F.);
#3195 = FACE_BOUND('',#3196,.F.);
#3196 = EDGE_LOOP('',(#3197,#3207,#3215,#3223));
#3197 = ORIENTED_EDGE('',*,*,#3198,.F.);
#3198 = EDGE_CURVE('',#3199,#3201,#3203,.T.);
#3199 = VERTEX_POINT('',#3200);
#3200 = CARTESIAN_POINT('',(-145.,440.,28.));
#3201 = VERTEX_POINT('',#3202);
#3202 = CARTESIAN_POINT('',(-145.,440.,33.));
#3203 = LINE('',#3204,#3205);
#3204 = CARTESIAN_POINT('',(-145.,440.,28.));
#3205 = VECTOR('',#3206,1.);
#3206 = DIRECTION('',(0.,0.,1.));
#3207 = ORIENTED_EDGE('',*,*,#3208,.T.);
#3208 = EDGE_CURVE('',#3199,#3209,#3211,.T.);
#3209 = VERTEX_POINT('',#3210);
#3210 = CARTESIAN_POINT('',(-145.,460.,28.));
#3211 = LINE('',#3212,#3213);
#3212 = CARTESIAN_POINT('',(-145.,440.,28.));
#3213 = VECTOR('',#3214,1.);
#3214 = DIRECTION('',(-0.,1.,0.));
#3215 = ORIENTED_EDGE('',*,*,#3216,.T.);
#3216 = EDGE_CURVE('',#3209,#3217,#3219,.T.);
#3217 = VERTEX_POINT('',#3218);
#3218 = CARTESIAN_POINT('',(-145.,460.,33.));
#3219 = LINE('',#3220,#3221);
#3220 = CARTESIAN_POINT('',(-145.,460.,28.));
#3221 = VECTOR('',#3222,1.);
#3222 = DIRECTION('',(0.,0.,1.));
#3223 = ORIENTED_EDGE('',*,*,#3224,.F.);
#3224 = EDGE_CURVE('',#3201,#3217,#3225,.T.);
#3225 = LINE('',#3226,#3227);
#3226 = CARTESIAN_POINT('',(-145.,440.,33.));
#3227 = VECTOR('',#3228,1.);
#3228 = DIRECTION('',(-0.,1.,0.));
#3229 = PLANE('',#3230);
#3230 = AXIS2_PLACEMENT_3D('',#3231,#3232,#3233);
#3231 = CARTESIAN_POINT('',(-145.,440.,28.));
#3232 = DIRECTION('',(1.,0.,-0.));
#3233 = DIRECTION('',(0.,0.,1.));
#3234 = ADVANCED_FACE('',(#3235),#3269,.T.);
#3235 = FACE_BOUND('',#3236,.T.);
#3236 = EDGE_LOOP('',(#3237,#3247,#3255,#3263));
#3237 = ORIENTED_EDGE('',*,*,#3238,.F.);
#3238 = EDGE_CURVE('',#3239,#3241,#3243,.T.);
#3239 = VERTEX_POINT('',#3240);
#3240 = CARTESIAN_POINT('',(-100.,440.,28.));
#3241 = VERTEX_POINT('',#3242);
#3242 = CARTESIAN_POINT('',(-100.,440.,33.));
#3243 = LINE('',#3244,#3245);
#3244 = CARTESIAN_POINT('',(-100.,440.,28.));
#3245 = VECTOR('',#3246,1.);
#3246 = DIRECTION('',(0.,0.,1.));
#3247 = ORIENTED_EDGE('',*,*,#3248,.T.);
#3248 = EDGE_CURVE('',#3239,#3249,#3251,.T.);
#3249 = VERTEX_POINT('',#3250);
#3250 = CARTESIAN_POINT('',(-100.,460.,28.));
#3251 = LINE('',#3252,#3253);
#3252 = CARTESIAN_POINT('',(-100.,440.,28.));
#3253 = VECTOR('',#3254,1.);
#3254 = DIRECTION('',(-0.,1.,0.));
#3255 = ORIENTED_EDGE('',*,*,#3256,.T.);
#3256 = EDGE_CURVE('',#3249,#3257,#3259,.T.);
#3257 = VERTEX_POINT('',#3258);
#3258 = CARTESIAN_POINT('',(-100.,460.,33.));
#3259 = LINE('',#3260,#3261);
#3260 = CARTESIAN_POINT('',(-100.,460.,28.));
#3261 = VECTOR('',#3262,1.);
#3262 = DIRECTION('',(0.,0.,1.));
#3263 = ORIENTED_EDGE('',*,*,#3264,.F.);
#3264 = EDGE_CURVE('',#3241,#3257,#3265,.T.);
#3265 = LINE('',#3266,#3267);
#3266 = CARTESIAN_POINT('',(-100.,440.,33.));
#3267 = VECTOR('',#3268,1.);
#3268 = DIRECTION('',(-0.,1.,0.));
#3269 = PLANE('',#3270);
#3270 = AXIS2_PLACEMENT_3D('',#3271,#3272,#3273);
#3271 = CARTESIAN_POINT('',(-100.,440.,28.));
#3272 = DIRECTION('',(1.,0.,-0.));
#3273 = DIRECTION('',(0.,0.,1.));
#3274 = ADVANCED_FACE('',(#3275),#3291,.F.);
#3275 = FACE_BOUND('',#3276,.F.);
#3276 = EDGE_LOOP('',(#3277,#3283,#3284,#3290));
#3277 = ORIENTED_EDGE('',*,*,#3278,.F.);
#3278 = EDGE_CURVE('',#3199,#3239,#3279,.T.);
#3279 = LINE('',#3280,#3281);
#3280 = CARTESIAN_POINT('',(-145.,440.,28.));
#3281 = VECTOR('',#3282,1.);
#3282 = DIRECTION('',(1.,0.,-0.));
#3283 = ORIENTED_EDGE('',*,*,#3198,.T.);
#3284 = ORIENTED_EDGE('',*,*,#3285,.T.);
#3285 = EDGE_CURVE('',#3201,#3241,#3286,.T.);
#3286 = LINE('',#3287,#3288);
#3287 = CARTESIAN_POINT('',(-145.,440.,33.));
#3288 = VECTOR('',#3289,1.);
#3289 = DIRECTION('',(1.,0.,-0.));
#3290 = ORIENTED_EDGE('',*,*,#3238,.F.);
#3291 = PLANE('',#3292);
#3292 = AXIS2_PLACEMENT_3D('',#3293,#3294,#3295);
#3293 = CARTESIAN_POINT('',(-145.,440.,28.));
#3294 = DIRECTION('',(-0.,1.,0.));
#3295 = DIRECTION('',(0.,0.,1.));
#3296 = ADVANCED_FACE('',(#3297),#3313,.T.);
#3297 = FACE_BOUND('',#3298,.T.);
#3298 = EDGE_LOOP('',(#3299,#3305,#3306,#3312));
#3299 = ORIENTED_EDGE('',*,*,#3300,.F.);
#3300 = EDGE_CURVE('',#3209,#3249,#3301,.T.);
#3301 = LINE('',#3302,#3303);
#3302 = CARTESIAN_POINT('',(-145.,460.,28.));
#3303 = VECTOR('',#3304,1.);
#3304 = DIRECTION('',(1.,0.,-0.));
#3305 = ORIENTED_EDGE('',*,*,#3216,.T.);
#3306 = ORIENTED_EDGE('',*,*,#3307,.T.);
#3307 = EDGE_CURVE('',#3217,#3257,#3308,.T.);
#3308 = LINE('',#3309,#3310);
#3309 = CARTESIAN_POINT('',(-145.,460.,33.));
#3310 = VECTOR('',#3311,1.);
#3311 = DIRECTION('',(1.,0.,-0.));
#3312 = ORIENTED_EDGE('',*,*,#3256,.F.);
#3313 = PLANE('',#3314);
#3314 = AXIS2_PLACEMENT_3D('',#3315,#3316,#3317);
#3315 = CARTESIAN_POINT('',(-145.,460.,28.));
#3316 = DIRECTION('',(-0.,1.,0.));
#3317 = DIRECTION('',(0.,0.,1.));
#3318 = ADVANCED_FACE('',(#3319),#3325,.F.);
#3319 = FACE_BOUND('',#3320,.F.);
#3320 = EDGE_LOOP('',(#3321,#3322,#3323,#3324));
#3321 = ORIENTED_EDGE('',*,*,#3208,.F.);
#3322 = ORIENTED_EDGE('',*,*,#3278,.T.);
#3323 = ORIENTED_EDGE('',*,*,#3248,.T.);
#3324 = ORIENTED_EDGE('',*,*,#3300,.F.);
#3325 = PLANE('',#3326);
#3326 = AXIS2_PLACEMENT_3D('',#3327,#3328,#3329);
#3327 = CARTESIAN_POINT('',(-145.,440.,28.));
#3328 = DIRECTION('',(0.,0.,1.));
#3329 = DIRECTION('',(1.,0.,-0.));
#3330 = ADVANCED_FACE('',(#3331),#3337,.T.);
#3331 = FACE_BOUND('',#3332,.T.);
#3332 = EDGE_LOOP('',(#3333,#3334,#3335,#3336));
#3333 = ORIENTED_EDGE('',*,*,#3224,.F.);
#3334 = ORIENTED_EDGE('',*,*,#3285,.T.);
#3335 = ORIENTED_EDGE('',*,*,#3264,.T.);
#3336 = ORIENTED_EDGE('',*,*,#3307,.F.);
#3337 = PLANE('',#3338);
#3338 = AXIS2_PLACEMENT_3D('',#3339,#3340,#3341);
#3339 = CARTESIAN_POINT('',(-145.,440.,33.));
#3340 = DIRECTION('',(0.,0.,1.));
#3341 = DIRECTION('',(1.,0.,-0.));
#3342 = MANIFOLD_SOLID_BREP('',#3343);
#3343 = CLOSED_SHELL('',(#3344,#3384,#3424,#3446,#3468,#3480));
#3344 = ADVANCED_FACE('',(#3345),#3379,.F.);
#3345 = FACE_BOUND('',#3346,.F.);
#3346 = EDGE_LOOP('',(#3347,#3357,#3365,#3373));
#3347 = ORIENTED_EDGE('',*,*,#3348,.F.);
#3348 = EDGE_CURVE('',#3349,#3351,#3353,.T.);
#3349 = VERTEX_POINT('',#3350);
#3350 = CARTESIAN_POINT('',(100.,440.,28.));
#3351 = VERTEX_POINT('',#3352);
#3352 = CARTESIAN_POINT('',(100.,440.,33.));
#3353 = LINE('',#3354,#3355);
#3354 = CARTESIAN_POINT('',(100.,440.,28.));
#3355 = VECTOR('',#3356,1.);
#3356 = DIRECTION('',(0.,0.,1.));
#3357 = ORIENTED_EDGE('',*,*,#3358,.T.);
#3358 = EDGE_CURVE('',#3349,#3359,#3361,.T.);
#3359 = VERTEX_POINT('',#3360);
#3360 = CARTESIAN_POINT('',(100.,460.,28.));
#3361 = LINE('',#3362,#3363);
#3362 = CARTESIAN_POINT('',(100.,440.,28.));
#3363 = VECTOR('',#3364,1.);
#3364 = DIRECTION('',(-0.,1.,0.));
#3365 = ORIENTED_EDGE('',*,*,#3366,.T.);
#3366 = EDGE_CURVE('',#3359,#3367,#3369,.T.);
#3367 = VERTEX_POINT('',#3368);
#3368 = CARTESIAN_POINT('',(100.,460.,33.));
#3369 = LINE('',#3370,#3371);
#3370 = CARTESIAN_POINT('',(100.,460.,28.));
#3371 = VECTOR('',#3372,1.);
#3372 = DIRECTION('',(0.,0.,1.));
#3373 = ORIENTED_EDGE('',*,*,#3374,.F.);
#3374 = EDGE_CURVE('',#3351,#3367,#3375,.T.);
#3375 = LINE('',#3376,#3377);
#3376 = CARTESIAN_POINT('',(100.,440.,33.));
#3377 = VECTOR('',#3378,1.);
#3378 = DIRECTION('',(-0.,1.,0.));
#3379 = PLANE('',#3380);
#3380 = AXIS2_PLACEMENT_3D('',#3381,#3382,#3383);
#3381 = CARTESIAN_POINT('',(100.,440.,28.));
#3382 = DIRECTION('',(1.,0.,-0.));
#3383 = DIRECTION('',(0.,0.,1.));
#3384 = ADVANCED_FACE('',(#3385),#3419,.T.);
#3385 = FACE_BOUND('',#3386,.T.);
#3386 = EDGE_LOOP('',(#3387,#3397,#3405,#3413));
#3387 = ORIENTED_EDGE('',*,*,#3388,.F.);
#3388 = EDGE_CURVE('',#3389,#3391,#3393,.T.);
#3389 = VERTEX_POINT('',#3390);
#3390 = CARTESIAN_POINT('',(145.,440.,28.));
#3391 = VERTEX_POINT('',#3392);
#3392 = CARTESIAN_POINT('',(145.,440.,33.));
#3393 = LINE('',#3394,#3395);
#3394 = CARTESIAN_POINT('',(145.,440.,28.));
#3395 = VECTOR('',#3396,1.);
#3396 = DIRECTION('',(0.,0.,1.));
#3397 = ORIENTED_EDGE('',*,*,#3398,.T.);
#3398 = EDGE_CURVE('',#3389,#3399,#3401,.T.);
#3399 = VERTEX_POINT('',#3400);
#3400 = CARTESIAN_POINT('',(145.,460.,28.));
#3401 = LINE('',#3402,#3403);
#3402 = CARTESIAN_POINT('',(145.,440.,28.));
#3403 = VECTOR('',#3404,1.);
#3404 = DIRECTION('',(-0.,1.,0.));
#3405 = ORIENTED_EDGE('',*,*,#3406,.T.);
#3406 = EDGE_CURVE('',#3399,#3407,#3409,.T.);
#3407 = VERTEX_POINT('',#3408);
#3408 = CARTESIAN_POINT('',(145.,460.,33.));
#3409 = LINE('',#3410,#3411);
#3410 = CARTESIAN_POINT('',(145.,460.,28.));
#3411 = VECTOR('',#3412,1.);
#3412 = DIRECTION('',(0.,0.,1.));
#3413 = ORIENTED_EDGE('',*,*,#3414,.F.);
#3414 = EDGE_CURVE('',#3391,#3407,#3415,.T.);
#3415 = LINE('',#3416,#3417);
#3416 = CARTESIAN_POINT('',(145.,440.,33.));
#3417 = VECTOR('',#3418,1.);
#3418 = DIRECTION('',(-0.,1.,0.));
#3419 = PLANE('',#3420);
#3420 = AXIS2_PLACEMENT_3D('',#3421,#3422,#3423);
#3421 = CARTESIAN_POINT('',(145.,440.,28.));
#3422 = DIRECTION('',(1.,0.,-0.));
#3423 = DIRECTION('',(0.,0.,1.));
#3424 = ADVANCED_FACE('',(#3425),#3441,.F.);
#3425 = FACE_BOUND('',#3426,.F.);
#3426 = EDGE_LOOP('',(#3427,#3433,#3434,#3440));
#3427 = ORIENTED_EDGE('',*,*,#3428,.F.);
#3428 = EDGE_CURVE('',#3349,#3389,#3429,.T.);
#3429 = LINE('',#3430,#3431);
#3430 = CARTESIAN_POINT('',(100.,440.,28.));
#3431 = VECTOR('',#3432,1.);
#3432 = DIRECTION('',(1.,0.,-0.));
#3433 = ORIENTED_EDGE('',*,*,#3348,.T.);
#3434 = ORIENTED_EDGE('',*,*,#3435,.T.);
#3435 = EDGE_CURVE('',#3351,#3391,#3436,.T.);
#3436 = LINE('',#3437,#3438);
#3437 = CARTESIAN_POINT('',(100.,440.,33.));
#3438 = VECTOR('',#3439,1.);
#3439 = DIRECTION('',(1.,0.,-0.));
#3440 = ORIENTED_EDGE('',*,*,#3388,.F.);
#3441 = PLANE('',#3442);
#3442 = AXIS2_PLACEMENT_3D('',#3443,#3444,#3445);
#3443 = CARTESIAN_POINT('',(100.,440.,28.));
#3444 = DIRECTION('',(-0.,1.,0.));
#3445 = DIRECTION('',(0.,0.,1.));
#3446 = ADVANCED_FACE('',(#3447),#3463,.T.);
#3447 = FACE_BOUND('',#3448,.T.);
#3448 = EDGE_LOOP('',(#3449,#3455,#3456,#3462));
#3449 = ORIENTED_EDGE('',*,*,#3450,.F.);
#3450 = EDGE_CURVE('',#3359,#3399,#3451,.T.);
#3451 = LINE('',#3452,#3453);
#3452 = CARTESIAN_POINT('',(100.,460.,28.));
#3453 = VECTOR('',#3454,1.);
#3454 = DIRECTION('',(1.,0.,-0.));
#3455 = ORIENTED_EDGE('',*,*,#3366,.T.);
#3456 = ORIENTED_EDGE('',*,*,#3457,.T.);
#3457 = EDGE_CURVE('',#3367,#3407,#3458,.T.);
#3458 = LINE('',#3459,#3460);
#3459 = CARTESIAN_POINT('',(100.,460.,33.));
#3460 = VECTOR('',#3461,1.);
#3461 = DIRECTION('',(1.,0.,-0.));
#3462 = ORIENTED_EDGE('',*,*,#3406,.F.);
#3463 = PLANE('',#3464);
#3464 = AXIS2_PLACEMENT_3D('',#3465,#3466,#3467);
#3465 = CARTESIAN_POINT('',(100.,460.,28.));
#3466 = DIRECTION('',(-0.,1.,0.));
#3467 = DIRECTION('',(0.,0.,1.));
#3468 = ADVANCED_FACE('',(#3469),#3475,.F.);
#3469 = FACE_BOUND('',#3470,.F.);
#3470 = EDGE_LOOP('',(#3471,#3472,#3473,#3474));
#3471 = ORIENTED_EDGE('',*,*,#3358,.F.);
#3472 = ORIENTED_EDGE('',*,*,#3428,.T.);
#3473 = ORIENTED_EDGE('',*,*,#3398,.T.);
#3474 = ORIENTED_EDGE('',*,*,#3450,.F.);
#3475 = PLANE('',#3476);
#3476 = AXIS2_PLACEMENT_3D('',#3477,#3478,#3479);
#3477 = CARTESIAN_POINT('',(100.,440.,28.));
#3478 = DIRECTION('',(0.,0.,1.));
#3479 = DIRECTION('',(1.,0.,-0.));
#3480 = ADVANCED_FACE('',(#3481),#3487,.T.);
#3481 = FACE_BOUND('',#3482,.T.);
#3482 = EDGE_LOOP('',(#3483,#3484,#3485,#3486));
#3483 = ORIENTED_EDGE('',*,*,#3374,.F.);
#3484 = ORIENTED_EDGE('',*,*,#3435,.T.);
#3485 = ORIENTED_EDGE('',*,*,#3414,.T.);
#3486 = ORIENTED_EDGE('',*,*,#3457,.F.);
#3487 = PLANE('',#3488);
#3488 = AXIS2_PLACEMENT_3D('',#3489,#3490,#3491);
#3489 = CARTESIAN_POINT('',(100.,440.,33.));
#3490 = DIRECTION('',(0.,0.,1.));
#3491 = DIRECTION('',(1.,0.,-0.));
#3492 = ( GEOMETRIC_REPRESENTATION_CONTEXT(3)
GLOBAL_UNCERTAINTY_ASSIGNED_CONTEXT((#3496))
GLOBAL_UNIT_ASSIGNED_CONTEXT((#3493,#3494,#3495)) REPRESENTATION_CONTEXT
('Context #1','3D Context with UNIT and UNCERTAINTY') );
#3493 = ( LENGTH_UNIT() NAMED_UNIT(*) SI_UNIT(.MILLI.,.METRE.) );
#3494 = ( NAMED_UNIT(*) PLANE_ANGLE_UNIT() SI_UNIT($,.RADIAN.) );
#3495 = ( NAMED_UNIT(*) SI_UNIT($,.STERADIAN.) SOLID_ANGLE_UNIT() );
#3496 = UNCERTAINTY_MEASURE_WITH_UNIT(LENGTH_MEASURE(1.E-07),#3493,
  'distance_accuracy_value','confusion accuracy');
#3497 = CONTEXT_DEPENDENT_SHAPE_REPRESENTATION(#3498,#3500);
#3498 = ( REPRESENTATION_RELATIONSHIP('','',#3191,#10)
REPRESENTATION_RELATIONSHIP_WITH_TRANSFORMATION(#3499)
SHAPE_REPRESENTATION_RELATIONSHIP() );
#3499 = ITEM_DEFINED_TRANSFORMATION('','',#11,#75);
#3500 = PRODUCT_DEFINITION_SHAPE('Placement','Placement of an item',
  #3501);
#3501 = NEXT_ASSEMBLY_USAGE_OCCURRENCE('16','Heat Front Lighting','',#5,
  #3186,$);
#3502 = PRODUCT_RELATED_PRODUCT_CATEGORY('part',$,(#3188));
ENDSEC;
END-ISO-10303-21;
